adult/id,adult_ticket_order_number,type_of_ticket,amount,attended,isOwner,adult/children_no,adult/createdAt,adult/updatedAt
490e48f1-2251-490d-b522-5a71a6a33f83,SF/ORNo/LFM31,group,2500,FALSE,FALSE,,2023-07-20T14:46:59.000Z,2023-07-20T14:46:59.000Z
18ca177e-bd62-42b7-bb56-3d53c439e9a5,SF/ORNo/L5CYN,individual,3000,FALSE,FALSE,,2023-07-21T18:40:23.000Z,2023-07-21T18:40:23.000Z
d2b1484d-6c51-4065-bc5f-d41935bde7fa,SFF/ORNo/00115,group,2500,FALSE,TRUE,4,2023-07-14T12:34:50.000Z,2023-07-20T20:44:32.000Z
a222eda3-519f-4803-924d-4c1727328ef8,SF/ORNo/MFOLO,group,2500,FALSE,FALSE,,2023-07-20T18:28:22.000Z,2023-07-20T18:30:29.000Z
204d7685-c1f8-450b-a484-4d6e83201202,SF/ORNo/MPGO8,group,2500,FALSE,FALSE,,2023-07-21T13:20:20.000Z,2023-07-21T20:58:49.000Z
e980a200-21e1-4141-9e04-76dc76e72e1e,SF/ORNo/B7XOO,individual,3000,TRUE,TRUE,1,2023-07-15T15:02:00.000Z,2023-07-22T12:25:48.000Z
5cdfa613-1b86-4bf1-840c-8f7a355ecb59,SFF/ORNo/00614,group,2000,FALSE,FALSE,4,2023-07-21T18:30:26.000Z,2023-07-21T18:52:56.000Z
e1683048-6814-49df-8ed5-cfb3765b6676,SFF/ORNo/00128,group,2500,FALSE,TRUE,5,2023-07-15T17:26:46.000Z,2023-07-22T09:26:18.000Z
3d1ed68b-38e0-4ec6-aa21-6dd656234168,SFF/ORNo/00015,group,2500,FALSE,TRUE,4,2023-07-14T12:20:38.000Z,2023-07-20T20:43:33.000Z
2188bf40-f6a6-4de1-8831-3a717e8995c0,SFF/ORNo/00569,group,2000,FALSE,FALSE,4,2023-07-21T15:42:22.000Z,2023-07-21T16:12:25.000Z
d574641f-2c31-457f-9f60-3f36121f9274,SFF/ORNo/00045,group,2500,FALSE,TRUE,4,2023-07-14T12:20:43.000Z,2023-07-20T20:45:23.000Z
083b323a-ca59-444f-9b37-94f907862ec8,SFF/ORNo/00543,group,2000,TRUE,TRUE,3,2023-07-20T19:00:03.000Z,2023-07-22T11:06:31.000Z
c8d97c75-23e5-4d92-a7cf-7d8be068a221,SF/ORNo/JVIEF,group,2500,FALSE,FALSE,,2023-07-20T12:49:45.000Z,2023-07-20T12:51:25.000Z
a3a49243-b72c-46f0-81a8-9dbb6622ae41,SF/ORNo/MK5FG,individual,3000,TRUE,FALSE,,2023-07-15T12:43:51.000Z,2023-07-20T01:02:50.000Z
f685f0d4-6ecb-4824-a998-6b45a601065f,SF/ORNo/XDN15,individual,3000,FALSE,FALSE,,2023-07-21T19:29:03.000Z,2023-07-21T19:53:18.000Z
a3a00879-e579-4b88-aebb-80a525844632,SF/ORNo/AMVIH,individual,3000,FALSE,FALSE,,2023-07-21T11:56:21.000Z,2023-07-21T11:58:22.000Z
d4f57602-57ea-47fb-9a57-ffceb3cbd198,SFF/ORNo/00292,group,2000,FALSE,TRUE,2,2023-07-20T20:18:38.000Z,2023-07-20T20:18:38.000Z
b0079305-1e5f-409b-ab84-fc97ccff32d2,SF/ORNo/WUHUZ,group,2500,FALSE,FALSE,,2023-07-21T04:58:34.000Z,2023-07-21T05:01:17.000Z
d6a50cc9-a6fc-40c6-9754-e606c8a1e198,SFF/ORNo/00038,individual,3000,TRUE,TRUE,0,2023-07-14T12:20:42.000Z,2023-07-20T20:43:47.000Z
7a2fcc26-f6b7-4069-b2ab-8d779cac5d76,SF/ORNo/CY3PT,group,2500,FALSE,FALSE,,2023-07-15T14:48:20.000Z,2023-07-17T22:30:14.000Z
93e2806b-fc09-48b0-99c2-7a31272bf38c,SF/ORNo/4UGWA,group,2500,FALSE,FALSE,,2023-07-21T16:02:37.000Z,2023-07-21T16:04:25.000Z
a222eda3-519f-4803-924d-4c1727328ef8,SF/ORNo/MFOLO,group,2500,FALSE,FALSE,,2023-07-20T18:28:22.000Z,2023-07-20T18:30:29.000Z
aeb0651e-b5ff-4679-81d1-70bca10c2289,SF/ORNo/NSG2O,group,2500,FALSE,FALSE,,2023-07-21T08:39:19.000Z,2023-07-21T08:45:11.000Z
90b2e4bb-ddc2-4413-9262-885e1570b83c,SF/ORNo/KRG7Y,group,2500,FALSE,FALSE,,2023-07-21T10:09:02.000Z,2023-07-21T11:31:06.000Z
78cffb58-642b-4652-a988-6b7a677f0653,SFF/ORNo/00604,group,2000,FALSE,FALSE,0,2023-07-21T18:30:25.000Z,2023-07-21T18:52:48.000Z
a42de27a-6cd3-4100-bdcd-0e62d0416754,SFF/ORNo/00253,group,2000,FALSE,TRUE,1,2023-07-20T08:20:47.000Z,2023-07-20T09:24:00.000Z
b5f2f2d7-c85c-4bf3-88ba-c01402b41267,SFF/ORNo/00061,individual,3000,FALSE,TRUE,0,2023-07-14T12:20:47.000Z,2023-07-20T20:43:59.000Z
28208978-8777-4135-a8be-245ebf7f3b84,SFF/ORNo/00174,group,2500,TRUE,TRUE,2,2023-07-15T17:26:56.000Z,2023-07-20T20:45:24.000Z
9458beb3-cb06-4cf8-ace9-0273fd35fbf3,SF/ORNo/93USA,group,2500,FALSE,FALSE,,2023-07-19T10:19:46.000Z,2023-07-19T10:19:46.000Z
a0cd064e-f7b6-4c90-ae0d-8822015157e7,SF/ORNo/PX8SH,individual,3000,FALSE,FALSE,,2023-07-18T07:03:12.000Z,2023-07-18T07:03:12.000Z
2111f5e8-cfba-4d9a-aee6-2854c54fe511,SF/ORNo/LIHYG,group,2500,FALSE,FALSE,,2023-07-21T09:15:21.000Z,2023-07-21T18:52:54.000Z
890837ce-5e23-4be5-9706-473cb5da5968,SFF/ORNo/00131,group,2500,FALSE,TRUE,4,2023-07-15T17:26:47.000Z,2023-07-22T07:54:02.000Z
886e0dee-a957-4d66-8eb0-d4b0c66f4d46,SFF/ORNo/00216,group,2500,FALSE,TRUE,1,2023-07-18T20:03:35.000Z,2023-07-20T20:45:50.000Z
5ef742b9-e3a0-452f-94a2-828aee135847,SFF/ORNo/00028,group,2500,FALSE,TRUE,3,2023-07-14T12:20:40.000Z,2023-07-20T20:43:41.000Z
fb33c0e7-cd4f-4913-a949-917ddd66c4d2,SFF/ORNo/00139,group,2000,FALSE,TRUE,0,2023-07-15T17:26:49.000Z,2023-07-20T20:45:01.000Z
419389b2-e163-470a-b6c2-33d1642f9326,SFF/ORNo/00534,group,2000,FALSE,TRUE,3,2023-07-20T19:00:02.000Z,2023-07-20T19:34:46.000Z
8b5ef82a-e9fd-40b5-882e-c5294c432271,SFF/ORNo/00184,group,2500,FALSE,TRUE,2,2023-07-15T17:26:59.000Z,2023-07-21T18:52:49.000Z
77f36446-386d-4b74-8da9-101134ed2a35,SFF/ORNo/00273,group,2000,FALSE,TRUE,2,2023-07-20T19:00:05.000Z,2023-07-20T19:00:05.000Z
f7229e7e-ef15-4712-a53f-8078f1065f73,SF/ORNo/0BCLB,individual,3000,FALSE,FALSE,,2023-07-21T11:08:18.000Z,2023-07-21T11:08:18.000Z
7c73f1a4-a533-44c1-b1eb-d8a994a89b6e,SFF/ORNo/00198,group,2000,FALSE,TRUE,0,2023-07-18T12:11:51.000Z,2023-07-20T20:45:43.000Z
5ec5cf20-5321-4c92-a8cf-0d56603f5cbe,SFF/ORNo/00078,individual,3000,FALSE,TRUE,0,2023-07-14T12:20:50.000Z,2023-07-20T20:44:04.000Z
ccf7bf98-ed28-4c92-8d91-9c47ed4a6a04,SFF/ORNo/00528,group,2000,FALSE,TRUE,14,2023-07-20T19:00:01.000Z,2023-07-20T19:34:43.000Z
1e92f97a-4e59-4ba8-bf4b-514a7097b702,SF/ORNo/ZL0K0,group,2500,FALSE,FALSE,,2023-07-20T16:39:48.000Z,2023-07-20T16:41:49.000Z
fe8f7c3b-493e-4aae-b28a-ffe6aa4098d8,SFF/ORNo/00065,individual,3000,FALSE,TRUE,0,2023-07-14T12:20:47.000Z,2023-07-20T20:44:01.000Z
bda8f1d5-988a-4503-8482-4d70eb461c59,SFF/ORNo/00533,group,2000,FALSE,TRUE,2,2023-07-20T19:00:02.000Z,2023-07-21T05:23:21.000Z
565239f1-cc6c-451c-a86d-2ea601a10571,SF/ORNo/MT0GS,individual,3000,FALSE,FALSE,,2023-07-21T19:57:21.000Z,2023-07-21T19:58:57.000Z
5c3f06a2-e0bc-4ef4-86e0-048537fa3b3c,SFF/ORNo/00099,individual,3000,TRUE,FALSE,0,2023-07-14T12:34:46.000Z,2023-07-14T12:34:46.000Z
7a8f7b7f-f555-4e62-a813-7693d517b0ae,SFF/ORNo/00039,group,2500,FALSE,TRUE,5,2023-07-14T12:20:42.000Z,2023-07-20T20:43:48.000Z
7a2aa435-3892-435d-af83-9f8879eb3f8c,SFF/ORNo/00030,group,2500,FALSE,TRUE,3,2023-07-14T12:20:40.000Z,2023-07-20T20:43:42.000Z
b59f1459-06ff-4ef7-8ae3-f492afc18667,SFF/ORNo/00564,group,2000,TRUE,FALSE,4,2023-07-21T15:42:22.000Z,2023-07-21T16:12:20.000Z
64975616-3092-4c9f-b8a3-6a27599856cf,SFF/ORNo/00624,group,2000,FALSE,FALSE,2,2023-07-21T18:30:28.000Z,2023-07-21T18:53:11.000Z
ff5c9cc2-72b4-459e-b713-822dd356e06d,SFF/ORNo/00180,group,2500,TRUE,TRUE,3,2023-07-15T17:26:58.000Z,2023-07-20T20:45:28.000Z
4ec92791-4777-44da-8be3-77dc96e741a6,SFF/ORNo/00125,group,2500,TRUE,TRUE,4,2023-07-15T17:26:46.000Z,2023-07-20T20:44:52.000Z
bde1a9e9-3f1f-4a06-9491-23d4e789d91f,SF/ORNo/U6N6M,group,2500,FALSE,FALSE,,2023-07-20T12:49:45.000Z,2023-07-20T12:51:25.000Z
44228103-3850-4791-88bb-ee87962cb6a0,SF/ORNo/EPHPI,group,2500,TRUE,FALSE,,2023-07-20T13:29:40.000Z,2023-07-20T13:31:30.000Z
8097d265-34f3-4050-98cd-d612b903e5d5,SF/ORNo/AAUUB,individual,3000,FALSE,FALSE,,2023-07-20T14:06:00.000Z,2023-07-20T14:06:00.000Z
7397c6d5-a0a0-4f9a-a426-4bce05e23b4c,SFF/ORNo/00552,group,2000,FALSE,FALSE,5,2023-07-21T15:42:20.000Z,2023-07-21T16:12:08.000Z
e04d0153-4667-456e-b0fc-6888280af6cb,SFF/ORNo/00016,individual,3000,FALSE,TRUE,0,2023-07-14T12:20:38.000Z,2023-07-20T20:43:33.000Z
fd7b5a7f-f1b5-4ffc-9a84-a196adce4df0,SF/ORNo/ALNSV,group,2500,FALSE,FALSE,,2023-07-15T19:23:01.000Z,2023-07-15T19:28:11.000Z
49573f46-ecf4-4d89-989c-11e247bb7dd7,SFF/ORNo/00166,group,2000,TRUE,TRUE,9,2023-07-15T17:26:54.000Z,2023-07-22T08:25:56.000Z
1befcad1-fbcf-4feb-aab2-c1f502cc7d5d,SFF/ORNo/00628,group,2000,FALSE,FALSE,0,2023-07-21T18:30:28.000Z,2023-07-21T18:53:12.000Z
ccd77c8e-a5bf-4f02-bd57-0d0140e3e1d4,SF/ORNo/RJLEH,individual,3000,TRUE,FALSE,,2023-07-20T15:14:37.000Z,2023-07-20T15:20:28.000Z
8cc008dd-3c7b-47c2-97b7-9bac1e1a27ac,SF/ORNo/DP42V,group,2500,FALSE,FALSE,,2023-07-21T22:57:00.000Z,2023-07-21T23:02:05.000Z
a3fec3fc-6f7c-471b-a23d-ac0f7500585a,SF/ORNo/MKSPU,group,2500,FALSE,FALSE,,2023-07-19T09:44:41.000Z,2023-07-19T09:59:42.000Z
d358d03b-ba56-4c18-bf4a-d51d59b5e44f,SFF/ORNo/00593,group,2000,FALSE,FALSE,3,2023-07-21T15:42:25.000Z,2023-07-21T16:12:53.000Z
c2ac50e5-2223-406e-8145-d1f56b38dbac,SFF/ORNo/00149,group,2000,FALSE,TRUE,0,2023-07-15T17:26:50.000Z,2023-07-20T20:45:03.000Z
fd05f894-e313-4a16-b382-c42b83644641,SFF/ORNo/00204,group,2500,TRUE,TRUE,3,2023-07-18T12:11:53.000Z,2023-07-20T20:45:46.000Z
5a202483-a954-4f85-850a-ae7e24ddd9e7,SFF/ORNo/00113,group,2500,FALSE,TRUE,7,2023-07-14T12:34:49.000Z,2023-07-20T20:44:31.000Z
c970e2f2-3fa5-4467-a94a-5adb195349e7,SFF/ORNo/00150,group,2000,FALSE,TRUE,0,2023-07-15T17:26:50.000Z,2023-07-20T20:45:03.000Z
bb7035db-82e5-4f45-b5f2-a395aa60c385,SFF/ORNo/00085,group,2500,FALSE,FALSE,0,2023-07-14T12:20:51.000Z,2023-07-14T12:20:51.000Z
16f93870-8ee6-4f6a-8ab9-9115781418da,SFF/ORNo/00238,individual,3000,FALSE,TRUE,0,2023-07-18T20:03:39.000Z,2023-07-20T20:46:00.000Z
4260ac73-b5ad-44e4-a697-3c1c50add20b,SFF/ORNo/00118,group,2500,FALSE,TRUE,0,2023-07-14T12:34:50.000Z,2023-07-20T20:44:34.000Z
45b33362-93b9-4f09-a86c-36b937f85d0e,SFF/ORNo/00156,group,2000,FALSE,TRUE,0,2023-07-15T17:26:52.000Z,2023-07-20T20:45:04.000Z
b78fec7f-a6d5-437e-af54-2afe84b25d99,SF/ORNo/DXZX3,group,2000,FALSE,TRUE,,2023-07-17T11:05:32.000Z,2023-07-20T20:45:43.000Z
bf7a9a92-4d27-42b3-8028-a8c545c7b84f,SFF/ORNo/00163,group,2500,FALSE,TRUE,4,2023-07-15T17:26:53.000Z,2023-07-20T20:45:13.000Z
2e231703-16d8-4f02-ac61-2c6912c9d9b6,SFF/ORNo/00555,group,2000,FALSE,FALSE,1,2023-07-21T15:42:20.000Z,2023-07-21T16:25:26.000Z
f57ce0fc-bd18-429c-8714-6ff146bd79f7,SFF/ORNo/00074,individual,3000,FALSE,TRUE,0,2023-07-14T12:20:49.000Z,2023-07-21T04:02:49.000Z
b39c41b4-d06d-45a2-8c54-3c5855c9030f,SF/ORNo/EQNWL,individual,3000,FALSE,FALSE,,2023-07-21T14:21:43.000Z,2023-07-21T14:29:11.000Z
5a202483-a954-4f85-850a-ae7e24ddd9e7,SFF/ORNo/00219,group,2500,FALSE,TRUE,7,2023-07-14T12:34:49.000Z,2023-07-20T20:44:31.000Z
a1ef90d4-eee8-445a-91bc-356178e76aea,SF/ORNo/EMFYU,group,2500,FALSE,FALSE,,2023-07-19T19:09:41.000Z,2023-07-19T19:11:49.000Z
b78fec7f-a6d5-437e-af54-2afe84b25d99,SF/ORNo/61A6O,group,2000,FALSE,TRUE,,2023-07-17T11:05:32.000Z,2023-07-20T20:45:43.000Z
d9cb57a0-ab03-4406-87e5-4f3725562130,SFF/ORNo/00587,group,2000,FALSE,FALSE,6,2023-07-21T15:42:24.000Z,2023-07-21T16:12:48.000Z
e336be39-e02f-45e7-b6f3-e9ae74dcfaba,SFF/ORNo/00037,group,2500,FALSE,TRUE,3,2023-07-14T12:20:42.000Z,2023-07-20T20:43:47.000Z
a7b505b3-ad14-49e9-b0ae-7bd2cc98b8eb,SF/ORNo/TTDSF,individual,3000,FALSE,FALSE,,2023-07-21T18:06:07.000Z,2023-07-21T18:09:32.000Z
afe8e818-d689-45cf-b4d8-ebf72cd86860,SF/ORNo/RZU38,individual,3000,FALSE,FALSE,,2023-07-15T18:02:16.000Z,2023-07-15T18:02:16.000Z
c6590054-b487-4452-b12a-f32526668c9d,SF/ORNo/ZLJAC,group,2500,FALSE,FALSE,,2023-07-21T13:37:55.000Z,2023-07-21T13:41:37.000Z
9bb0745d-0000-4776-8fa0-bd16c2c711e9,SFF/ORNo/00276,group,2000,FALSE,TRUE,3,2023-07-20T19:00:06.000Z,2023-07-20T19:00:06.000Z
a86723bd-a704-4c56-bdfb-cba7150a57b7,SFF/ORNo/00076,individual,3000,FALSE,TRUE,0,2023-07-14T12:20:49.000Z,2023-07-20T20:44:03.000Z
bde1a9e9-3f1f-4a06-9491-23d4e789d91f,SF/ORNo/0T2CL,individual,3000,FALSE,FALSE,,2023-07-20T12:49:45.000Z,2023-07-20T12:51:25.000Z
d56d096d-901a-45dc-93e4-a15a286b40bb,SFF/ORNo/00580,group,2000,FALSE,FALSE,1,2023-07-21T15:42:24.000Z,2023-07-21T22:26:28.000Z
55caead9-cbd8-4bf9-9eb9-a2734c8353f5,SF/ORNo/7OVJP,individual,3000,FALSE,FALSE,,2023-07-21T16:07:25.000Z,2023-07-21T16:23:21.000Z
54c9719e-58ed-4134-aeef-10c04cc97821,SFF/ORNo/00581,group,2000,FALSE,FALSE,16,2023-07-21T15:42:24.000Z,2023-07-21T16:12:44.000Z
78913249-81c3-4edc-a1df-eb3c0ff5cea9,SFF/ORNo/00225,individual,3000,FALSE,FALSE,0,2023-07-14T12:34:51.000Z,2023-07-24T13:32:24.000Z
f45648ac-a1fe-4e5f-8238-0affd20d4c0c,SFF/ORNo/00268,group,2000,FALSE,TRUE,3,2023-07-20T19:00:04.000Z,2023-07-20T19:00:04.000Z
89f96bf2-354a-4850-acbc-36fedf8e220a,SF/ORNo/NXY0I,group,2500,FALSE,TRUE,,2023-07-16T09:18:22.000Z,2023-07-19T21:46:05.000Z
396ab0d0-8b05-4399-ab29-ed22ad99a50a,SFF/ORNo/00551,group,2000,FALSE,FALSE,2,2023-07-21T15:42:20.000Z,2023-07-21T16:12:07.000Z
2b007c99-f594-4c6b-9ae7-222fb936655c,SF/ORNo/LVB9F,group,2500,FALSE,FALSE,,2023-07-21T09:14:54.000Z,2023-07-21T09:16:09.000Z
4f6f77c6-06a3-4d8a-ba5b-6c63357f60db,SF/ORNo/HSYXL,group,2500,FALSE,FALSE,,2023-07-15T20:29:14.000Z,2023-07-15T20:29:14.000Z
5b857f48-6e6f-4a7e-9c9f-b0839c926064,SFF/ORNo/00251,group,2000,TRUE,FALSE,1,2023-07-21T18:30:29.000Z,2023-07-22T11:53:07.000Z
7bc723f5-91f1-436e-aa1d-c63106269c6d,SF/ORNo/LZQGP,individual,3000,FALSE,FALSE,,2023-07-21T21:07:50.000Z,2023-07-21T21:10:59.000Z
ca72a3a7-9af3-4538-a80b-20c304922ad6,SF/ORNo/JCQLQ,group,2000,FALSE,FALSE,,2023-07-18T13:16:27.000Z,2023-07-18T13:23:16.000Z
fab4b95d-64c6-46dc-b7db-e1beac79be6e,SF/ORNo/KYU74,group,2000,FALSE,FALSE,1,2023-07-22T11:44:03.000Z,2023-07-22T12:58:17.000Z
aeb0651e-b5ff-4679-81d1-70bca10c2289,SF/ORNo/5I5BN,group,2500,FALSE,FALSE,,2023-07-21T08:39:19.000Z,2023-07-21T08:45:11.000Z
0372b2f1-f6cb-44d1-ab56-1b9e32ea08f8,SFF/ORNo/00097,group,2500,FALSE,TRUE,1,2023-07-14T12:20:54.000Z,2023-07-20T20:44:19.000Z
ea9d2583-ad49-4c82-bdad-e1cfb2851ed5,SF/ORNo/BY8UN,individual,3000,FALSE,FALSE,,2023-07-16T18:51:15.000Z,2023-07-16T18:51:15.000Z
e8690a45-e6de-4e93-b5f7-a83dc7df8fd0,SF/ORNo/IPGHB,individual,3000,FALSE,FALSE,,2023-07-21T20:32:50.000Z,2023-07-21T20:35:03.000Z
ca656a27-5c75-4d58-aa70-0ad68df47118,SF/ORNo/7RBVV,group,2500,FALSE,FALSE,,2023-07-19T19:02:37.000Z,2023-07-19T19:05:00.000Z
efec2e33-e2f5-4538-8c18-82c1919cdc98,SFF/ORNo/00505,group,2000,TRUE,TRUE,2,2023-07-20T18:58:44.000Z,2023-07-22T10:46:19.000Z
92497297-6df4-4a88-8fc5-cd6d2f2b5ef4,SF/ORNo/UNPV1,group,2500,FALSE,FALSE,,2023-07-18T09:15:16.000Z,2023-07-18T09:26:08.000Z
b1bf018a-7697-43dd-85a5-92f17282de5f,SF/ORNo/DIXKU,individual,3000,FALSE,FALSE,,2023-07-20T17:53:09.000Z,2023-07-20T18:02:12.000Z
fc182e90-dd0d-45e0-a070-c95e42d5ead6,SFF/ORNo/00510,group,2000,FALSE,TRUE,1,2023-07-20T18:58:45.000Z,2023-07-21T22:41:35.000Z
fd7b5a7f-f1b5-4ffc-9a84-a196adce4df0,SF/ORNo/ALNSV,group,2500,FALSE,FALSE,,2023-07-15T19:23:01.000Z,2023-07-15T19:28:11.000Z
8cc3d542-4c33-4454-bda9-a65349cfd92b,SFF/ORNo/00201,group,2000,FALSE,TRUE,0,2023-07-18T12:11:52.000Z,2023-07-20T20:45:44.000Z
b8c9ab6b-c9fc-4867-9839-5ff204ee2aff,SF/ORNo/3QLSF,group,2000,FALSE,FALSE,,2023-07-15T12:36:51.000Z,2023-07-15T12:36:51.000Z
dbec3964-9039-4b23-a548-f6ef333b8a57,SFF/ORNo/00096,group,2500,FALSE,TRUE,4,2023-07-14T12:20:54.000Z,2023-07-20T20:44:18.000Z
be4dcf8a-ea07-4afd-a17c-daf98cf6a513,SF/ORNo/GZFJY,group,2500,FALSE,FALSE,,2023-07-15T17:49:08.000Z,2023-07-15T17:49:08.000Z
7f8c2574-fe3d-4eec-982d-1df0363c002d,SFF/ORNo/00509,group,2000,TRUE,TRUE,2,2023-07-20T18:58:45.000Z,2023-07-21T22:41:34.000Z
9dcb73d0-d5f9-4cb7-8e6d-98148bc6eceb,SFF/ORNo/00102,group,2500,FALSE,TRUE,3,2023-07-14T12:34:47.000Z,2023-07-20T20:44:23.000Z
8b5ef82a-e9fd-40b5-882e-c5294c432271,SFF/ORNo/00184,group,2500,FALSE,TRUE,2,2023-07-15T17:26:59.000Z,2023-07-21T18:52:49.000Z
35fdd1bf-a0b0-4971-97a4-957531a7bae6,SF/ORNo/5QJ26,group,2500,TRUE,FALSE,,2023-07-21T08:47:52.000Z,2023-07-22T13:28:11.000Z
c6590054-b487-4452-b12a-f32526668c9d,SF/ORNo/QIKAE,group,2500,FALSE,FALSE,,2023-07-21T13:37:55.000Z,2023-07-21T13:41:37.000Z
dff61fb0-2a2b-4059-8405-d11d10502183,SF/ORNo/7VH4Q,individual,3000,FALSE,FALSE,,2023-07-17T16:05:32.000Z,2023-07-17T16:05:32.000Z
387ae3d9-3ac3-4bca-af36-754cd83a59c2,SF/ORNo/GDLOP,group,2500,FALSE,TRUE,,2023-07-18T05:37:12.000Z,2023-07-20T09:23:57.000Z
0d923fcc-eae5-4883-b4c5-dbe04c5aed3c,SFF/ORNo/00224,individual,3000,FALSE,FALSE,0,2023-07-14T12:34:51.000Z,2023-07-19T06:42:58.000Z
052872ab-4e35-4c7c-9fd4-7a2edb9fe543,SF/ORNo/3QLSF,group,2000,FALSE,FALSE,,2023-07-15T12:36:51.000Z,2023-07-15T12:36:51.000Z
a8524fca-9c6b-4dc0-bfad-2665d7153e51,SF/ORNo/3MU8O,group,2500,FALSE,FALSE,,2023-07-18T05:37:12.000Z,2023-07-18T05:37:12.000Z
7a2fcc26-f6b7-4069-b2ab-8d779cac5d76,SF/ORNo/PD2OL,group,2500,FALSE,FALSE,,2023-07-15T14:48:20.000Z,2023-07-17T22:30:14.000Z
5c465030-119f-4878-914a-146be77fba90,SFF/ORNo/00502,group,2000,FALSE,TRUE,1,2023-07-20T18:58:44.000Z,2023-07-21T22:41:31.000Z
a8dbe460-a253-473f-896c-6a57bd97b426,SFF/ORNo/00177,group,2500,FALSE,TRUE,2,2023-07-15T17:26:57.000Z,2023-07-20T20:45:26.000Z
85ee1b46-03bc-4114-bf97-1f61c12f9b84,SFF/ORNo/00007,group,2500,FALSE,TRUE,3,2023-07-14T12:20:36.000Z,2023-07-20T20:43:27.000Z
d1254231-f567-4f55-88ab-a864921700ff,SF/ORNo/ZRCJV,group,2500,TRUE,FALSE,,2023-07-17T08:55:56.000Z,2023-07-17T08:57:23.000Z
d0a03694-855a-484a-9873-daa91e8c716f,SFF/ORNo/00548,group,2000,FALSE,FALSE,3,2023-07-21T15:42:19.000Z,2023-07-21T16:12:04.000Z
c9677537-23be-4a36-a5ed-cd25a2391fcd,SF/ORNo/CYWZO,individual,3000,TRUE,FALSE,,2023-07-18T14:10:23.000Z,2023-07-18T14:21:46.000Z
68313e9c-26b8-48d8-8cea-4cbd4445c772,SF/ORNo/YXLLE,group,2500,TRUE,FALSE,,2023-07-19T12:38:44.000Z,2023-07-19T13:19:13.000Z
9cf163e1-231f-4535-b893-76c5d6bacf47,SF/ORNo/IUXZY,group,2500,FALSE,FALSE,,2023-07-21T17:32:33.000Z,2023-07-21T17:34:01.000Z
bb5f03dc-4a3a-4f88-83d2-8328ea9260b6,SFF/ORNo/00591,group,2000,FALSE,FALSE,3,2023-07-21T15:42:25.000Z,2023-07-21T16:12:51.000Z
b05ce5e9-7417-4349-9c8b-cc135dc40d06,SFF/ORNo/00022,individual,3000,FALSE,TRUE,0,2023-07-14T12:20:39.000Z,2023-07-20T20:43:38.000Z
73125445-cbd1-49ae-be48-57f91a3a51ea,SF/ORNo/3XBGP,group,2000,FALSE,FALSE,,2023-07-21T16:36:04.000Z,2023-07-21T16:53:07.000Z
a7d56bd5-c866-4be1-a0e0-5c0e8f005ec4,SFF/ORNo/00111,group,2500,FALSE,TRUE,1,2023-07-14T12:34:49.000Z,2023-07-22T08:42:07.000Z
b0811728-1897-4c33-ae6a-3e693e7a1bdb,SFF/ORNo/00040,group,2500,FALSE,TRUE,1,2023-07-14T12:20:42.000Z,2023-07-21T07:23:33.000Z
bdb340dc-95bf-46c6-bb6f-e9d82977c3be,SF/ORNo/LVB9F,group,2500,FALSE,FALSE,,2023-07-21T09:14:54.000Z,2023-07-21T09:16:09.000Z
052872ab-4e35-4c7c-9fd4-7a2edb9fe543,SF/ORNo/QIWQ4,group,2000,FALSE,FALSE,,2023-07-15T12:36:51.000Z,2023-07-15T12:36:51.000Z
056716ab-568d-44db-b6e7-165113b9efcc,SF/ORNo/EJHHX,group,2500,TRUE,FALSE,,2023-07-21T14:07:26.000Z,2023-07-21T14:09:23.000Z
a7d56bd5-c866-4be1-a0e0-5c0e8f005ec4,SFF/ORNo/00111,group,2500,FALSE,TRUE,1,2023-07-14T12:34:49.000Z,2023-07-22T08:42:07.000Z
6dcc1c73-f59f-4415-b6b1-a71c09357e7c,SFF/ORNo/00573,group,2000,FALSE,FALSE,5,2023-07-21T15:42:23.000Z,2023-07-21T16:12:28.000Z
2409e489-7428-4254-aa8f-66cb0044dc84,SFF/ORNo/00554,group,2000,FALSE,FALSE,3,2023-07-21T15:42:20.000Z,2023-07-21T16:12:09.000Z
c3a54246-5b5b-405f-85ed-b9976c53fd98,SF/ORNo/FE9NV,individual,3000,TRUE,FALSE,,2023-07-20T09:11:17.000Z,2023-07-20T09:15:24.000Z
187a961c-7335-4c58-9d5a-9c86757dc27b,SF/ORNo/HN7FW,group,2500,FALSE,FALSE,,2023-07-17T12:00:38.000Z,2023-07-17T12:03:43.000Z
b1cbe155-c66e-4635-acc5-bdc4cc1ccb5f,SFF/ORNo/00261,group,2000,FALSE,TRUE,0,2023-07-20T19:00:03.000Z,2023-07-20T19:00:03.000Z
e782cbcf-d886-4fc5-b2ae-819ebe293835,SFF/ORNo/00511,group,2000,TRUE,TRUE,2,2023-07-20T18:59:58.000Z,2023-07-21T22:41:35.000Z
5a202483-a954-4f85-850a-ae7e24ddd9e7,SFF/ORNo/00215,group,2500,FALSE,TRUE,7,2023-07-14T12:34:49.000Z,2023-07-20T20:44:31.000Z
e09e30ba-b611-467b-8539-513755fe75f8,SFF/ORNo/00517,group,2000,TRUE,TRUE,1,2023-07-20T18:59:59.000Z,2023-07-21T22:41:38.000Z
3c504ebf-34ec-47e4-a7f1-2824944b01df,SFF/ORNo/00044,individual,3000,FALSE,TRUE,0,2023-07-14T12:20:43.000Z,2023-07-20T20:43:50.000Z
f9a10f40-9974-4252-b38e-1c08cdb116b5,SFF/ORNo/00190,group,2500,TRUE,TRUE,3,2023-07-15T17:27:00.000Z,2023-07-20T20:45:35.000Z
68313e9c-26b8-48d8-8cea-4cbd4445c772,SF/ORNo/GR5WM,group,2500,TRUE,FALSE,,2023-07-19T12:38:44.000Z,2023-07-19T13:19:13.000Z
d29f3954-bd19-41b5-8eda-ae350178fe76,SFF/ORNo/00539,group,2000,FALSE,TRUE,3,2023-07-20T19:00:03.000Z,2023-07-20T19:00:03.000Z
f07a1274-d699-4c8b-aa2c-aba16e375dd5,SF/ORNo/8D4AI,group,2500,FALSE,FALSE,,2023-07-15T16:39:25.000Z,2023-07-15T16:39:25.000Z
443259b5-3db7-45b8-b015-4d5a237617a0,SFF/ORNo/00062,group,2500,FALSE,TRUE,3,2023-07-14T12:20:47.000Z,2023-07-20T20:44:00.000Z
a413970d-f02e-4d3e-b8fd-f5d1ed93c22b,SFF/ORNo/00507,group,2000,FALSE,TRUE,1,2023-07-20T18:58:45.000Z,2023-07-21T22:41:33.000Z
07cfaba1-4e5f-4cb4-ab9b-53e66d9c1dce,SFF/ORNo/00157,group,2000,FALSE,TRUE,0,2023-07-15T17:26:52.000Z,2023-07-20T20:45:04.000Z
46340846-6730-4df6-b276-ee3437ab4d75,SF/ORNo/TLOIH,individual,3000,FALSE,FALSE,,2023-07-19T12:29:16.000Z,2023-07-19T12:32:05.000Z
21eb9377-d37a-47b1-8d32-129de7639d47,SF/ORNo/GN68D,individual,3000,FALSE,FALSE,,2023-07-20T13:59:44.000Z,2023-07-20T14:02:28.000Z
7b69cdee-6a06-460a-9d18-488031a7c896,SFF/ORNo/00086,group,2000,TRUE,TRUE,8,2023-07-14T12:20:52.000Z,2023-07-20T20:44:11.000Z
1c711379-e61e-4f9b-a9cd-cdcebbbe0e22,SFF/ORNo/00204,group,2500,FALSE,FALSE,0,2023-07-18T12:11:52.000Z,2023-07-18T12:11:52.000Z
7a9ed5f6-57fa-428e-8f1d-347b0cc51d69,SFF/ORNo/00135,group,2500,FALSE,FALSE,3,2023-07-15T17:26:48.000Z,2023-07-15T17:26:48.000Z
cb746343-a387-4687-9590-5d84afe86972,SFF/ORNo/00270,group,2000,FALSE,TRUE,4,2023-07-20T19:00:05.000Z,2023-07-22T10:27:34.000Z
71fd59c2-90b0-433e-8866-ef018f77fdff,SFF/ORNo/00186,group,2500,FALSE,TRUE,1,2023-07-15T17:26:59.000Z,2023-07-21T08:17:34.000Z
c9677537-23be-4a36-a5ed-cd25a2391fcd,SF/ORNo/0SYJF,group,2500,TRUE,FALSE,,2023-07-18T14:10:23.000Z,2023-07-18T14:21:46.000Z
b78fec7f-a6d5-437e-af54-2afe84b25d99,SF/ORNo/61A6O,group,2000,FALSE,TRUE,,2023-07-17T11:05:32.000Z,2023-07-20T20:45:43.000Z
7ce86c5f-9df8-4f53-b64c-b24782a48656,SF/ORNo/8IDH4,individual,3000,TRUE,FALSE,,2023-07-20T05:59:25.000Z,2023-07-20T06:04:58.000Z
e945f6f9-32eb-4714-bd01-41dbedf6ea51,SFF/ORNo/00549,group,2000,FALSE,FALSE,5,2023-07-21T15:42:20.000Z,2023-07-21T16:12:05.000Z
318b80f1-c50d-4eff-8457-e68807d8da9a,SFF/ORNo/00141,group,2000,FALSE,TRUE,0,2023-07-15T17:26:49.000Z,2023-07-20T20:45:01.000Z
1fbc82db-9a0d-478d-a0a4-382d1a5f028b,SFF/ORNo/00620,group,2000,FALSE,FALSE,3,2023-07-21T18:30:27.000Z,2023-07-21T18:53:00.000Z
fd7b5a7f-f1b5-4ffc-9a84-a196adce4df0,SF/ORNo/QPH08,group,2500,FALSE,FALSE,,2023-07-15T19:23:01.000Z,2023-07-15T19:28:11.000Z
aa09ab9f-b607-412f-85ab-f1ac89ab03aa,SFF/ORNo/00134,individual,3000,FALSE,TRUE,0,2023-07-15T17:26:48.000Z,2023-07-20T20:44:59.000Z
2370bc38-4fcd-4ab4-9364-4f23817057be,SFF/ORNo/00013,group,2500,FALSE,TRUE,4,2023-07-14T12:20:37.000Z,2023-07-20T20:43:31.000Z
53a1ee06-c245-4a66-b80b-b23e4234110d,SF/ORNo/Z1IYY,group,2500,FALSE,FALSE,1,2023-07-16T06:39:16.000Z,2023-07-16T06:46:57.000Z
fd7b5a7f-f1b5-4ffc-9a84-a196adce4df0,SF/ORNo/QPH08,group,2500,FALSE,FALSE,,2023-07-15T19:23:01.000Z,2023-07-15T19:28:11.000Z
efe647ad-f1ca-400f-8698-4cabe8e9f7a0,SF/ORNo/CCHAG,individual,3000,TRUE,FALSE,,2023-07-21T17:52:03.000Z,2023-07-21T17:54:28.000Z
bb13be51-481e-4250-a184-172d9a107a00,SFF/ORNo/00010,group,2500,FALSE,TRUE,1,2023-07-14T12:20:37.000Z,2023-07-21T16:00:19.000Z
a8dbe460-a253-473f-896c-6a57bd97b426,SFF/ORNo/00177,group,2500,FALSE,TRUE,2,2023-07-15T17:26:57.000Z,2023-07-20T20:45:26.000Z
d574641f-2c31-457f-9f60-3f36121f9274,SFF/ORNo/00173,group,2500,FALSE,TRUE,4,2023-07-14T12:20:43.000Z,2023-07-20T20:45:23.000Z
31195b86-7381-4699-9f19-23904041a964,SFF/ORNo/00514,group,2000,TRUE,TRUE,1,2023-07-20T18:59:59.000Z,2023-07-21T22:41:37.000Z
48ae89d2-bfad-4ae0-8ff3-cc6845fb7b85,SFF/ORNo/00576,group,2000,FALSE,FALSE,10,2023-07-21T15:42:23.000Z,2023-07-21T16:12:32.000Z
f8954158-a75c-40a8-bf4f-d7246346c688,SF/ORNo/JCQLQ,group,2000,FALSE,FALSE,,2023-07-18T13:16:27.000Z,2023-07-18T13:23:16.000Z
298474c1-2da9-45f9-ab7c-0268ff5ac8d1,SFF/ORNo/00144,group,2000,FALSE,TRUE,0,2023-07-15T17:26:49.000Z,2023-07-20T20:45:02.000Z
668d7bbf-45dc-4a70-ae99-177e8551dd80,SFF/ORNo/00560,group,2000,FALSE,FALSE,4,2023-07-21T15:42:21.000Z,2023-07-21T16:12:16.000Z
e8690a45-e6de-4e93-b5f7-a83dc7df8fd0,SF/ORNo/REEL5,individual,3000,FALSE,FALSE,,2023-07-21T20:32:50.000Z,2023-07-21T20:35:03.000Z
aabba30b-02b4-4b90-8eb8-9449a0876d2f,SF/ORNo/EMFYU,group,2500,TRUE,FALSE,,2023-07-19T19:09:41.000Z,2023-07-19T19:11:50.000Z
9bba7a96-7064-429b-bc18-c231ab0e65e5,SF/ORNo/3QLSF,group,2000,FALSE,FALSE,,2023-07-15T12:36:51.000Z,2023-07-15T12:36:51.000Z
2b472372-7458-493b-8494-41203ffcbc42,SFF/ORNo/00510,group,2000,FALSE,FALSE,1,2023-07-21T18:30:29.000Z,2023-07-21T18:53:21.000Z
c8cb465f-0568-41b4-96a4-4f1ee2995d32,SFF/ORNo/00175,group,2500,FALSE,FALSE,2,2023-07-15T17:26:56.000Z,2023-07-15T17:26:57.000Z
73125445-cbd1-49ae-be48-57f91a3a51ea,SF/ORNo/ILP2Z,group,2000,FALSE,FALSE,,2023-07-21T16:36:04.000Z,2023-07-21T16:53:07.000Z
85f09251-2618-48c7-936d-47bb454943b8,SFF/ORNo/00147,group,2000,FALSE,TRUE,0,2023-07-15T17:26:50.000Z,2023-07-20T20:45:02.000Z
c7061dce-83db-4a0f-badb-9725f3e36715,SFF/ORNo/00589,group,2000,FALSE,FALSE,4,2023-07-21T15:42:25.000Z,2023-07-21T16:12:50.000Z
e33c655a-1cd1-4958-a5a3-65f411f8707b,SF/ORNo/U2CMY,group,2500,FALSE,FALSE,,2023-07-21T09:11:40.000Z,2023-07-21T09:11:40.000Z
8755876e-d598-4826-ac6c-4e313ca77873,SF/ORNo/UNPV1,group,2500,FALSE,FALSE,,2023-07-18T09:15:16.000Z,2023-07-18T09:26:08.000Z
91a40c5c-666c-4a19-b870-6f81c79fcfbf,SFF/ORNo/00621,group,2000,FALSE,FALSE,3,2023-07-21T18:30:27.000Z,2023-07-21T18:53:00.000Z
77963cc6-6c59-426e-b5e7-9a65cb69b951,SF/ORNo/MOO0I,group,2500,FALSE,FALSE,,2023-07-21T18:23:28.000Z,2023-07-21T18:26:09.000Z
b78fec7f-a6d5-437e-af54-2afe84b25d99,SF/ORNo/DXZX3,group,2000,FALSE,TRUE,,2023-07-17T11:05:32.000Z,2023-07-20T20:45:43.000Z
c2322b90-244d-4d93-aa8e-09427d7f42ac,SFF/ORNo/00140,group,2000,FALSE,TRUE,0,2023-07-15T17:26:49.000Z,2023-07-20T20:45:01.000Z
d8fb7882-242e-4d0d-b0a3-f0e23e2466f2,SFF/ORNo/00550,group,2000,FALSE,FALSE,6,2023-07-21T15:42:20.000Z,2023-07-21T16:12:06.000Z
436b32a9-1086-4b58-9a00-b7ee6b093ed3,SF/ORNo/FN6AK,individual,3000,FALSE,TRUE,,2023-07-19T08:02:09.000Z,2023-07-20T20:46:04.000Z
b0912cbd-01ed-4c0a-a181-9e0459e9b5a1,SFF/ORNo/00236,group,2500,FALSE,TRUE,3,2023-07-18T20:03:39.000Z,2023-07-20T20:45:59.000Z
9f683f85-a8cd-40c4-8b20-cac1c1e5b960,SFF/ORNo/00523,group,2000,FALSE,TRUE,2,2023-07-20T19:00:00.000Z,2023-07-21T22:41:41.000Z
4040605d-c680-4278-9525-51224df52d10,SFF/ORNo/00525,group,2000,FALSE,TRUE,1,2023-07-20T19:00:01.000Z,2023-07-20T19:34:40.000Z
7ce86c5f-9df8-4f53-b64c-b24782a48656,SF/ORNo/QLN9C,individual,3000,TRUE,FALSE,,2023-07-20T05:59:25.000Z,2023-07-20T06:04:58.000Z
c3e208fa-a2e1-4014-8621-2ba42bc60c42,SF/ORNo/Q0UNE,group,2500,FALSE,FALSE,,2023-07-15T23:08:21.000Z,2023-07-15T23:10:44.000Z
32b08212-e403-4f1d-9894-fe282e291012,SF/ORNo/FJUKS,group,2500,FALSE,FALSE,,2023-07-18T17:29:40.000Z,2023-07-18T17:34:01.000Z
c6590054-b487-4452-b12a-f32526668c9d,SF/ORNo/PVL19,group,2500,FALSE,FALSE,,2023-07-21T13:37:55.000Z,2023-07-21T13:41:37.000Z
f99fa165-6885-400e-9409-991405309f59,SFF/ORNo/00516,group,2000,FALSE,TRUE,2,2023-07-20T18:59:59.000Z,2023-07-21T22:41:37.000Z
1f989272-c931-41e9-b9bd-d42e58de7a58,SFF/ORNo/00123,individual,3000,FALSE,TRUE,0,2023-07-14T12:34:53.000Z,2023-07-20T20:44:45.000Z
c8cb465f-0568-41b4-96a4-4f1ee2995d32,SFF/ORNo/00175,group,2500,FALSE,FALSE,2,2023-07-15T17:26:56.000Z,2023-07-15T17:26:57.000Z
c9f83fd8-4d11-4086-8f25-67a435ad5ffd,SFF/ORNo/00274,group,2000,FALSE,TRUE,2,2023-07-20T19:00:05.000Z,2023-07-20T19:00:05.000Z
e22ac197-2b84-4c2e-9970-e33ceff53144,SFF/ORNo/00561,group,2000,FALSE,FALSE,12,2023-07-21T15:42:21.000Z,2023-07-21T16:12:22.000Z
24523fef-7986-445d-9129-77d9de8adbdf,SFF/ORNo/00629,group,2000,FALSE,FALSE,9,2023-07-21T18:30:29.000Z,2023-07-21T18:53:14.000Z
f3ba3372-3a2e-4dc0-acc6-18bbf4ee7e93,SFF/ORNo/00036,group,2500,FALSE,TRUE,3,2023-07-14T12:20:41.000Z,2023-07-20T20:43:46.000Z
f164e22b-754c-4e8c-82f3-9ea000f21472,SFF/ORNo/00503,group,2000,FALSE,TRUE,4,2023-07-20T18:58:44.000Z,2023-07-21T22:41:32.000Z
873098af-fefd-4380-b6b6-fb94f13cd6dc,SF/ORNo/OJTQS,group,2500,FALSE,FALSE,,2023-07-21T14:30:24.000Z,2023-07-21T15:40:44.000Z
50afa669-77b5-4fc8-98f6-f09566c93370,SF/ORNo/IQPDN,individual,3000,FALSE,FALSE,1,2023-07-16T12:54:36.000Z,2023-07-22T10:24:02.000Z
ea6e8890-a2b3-4a2a-8cc8-f5b42ac2ce5a,SFF/ORNo/00288,group,2000,TRUE,TRUE,6,2023-07-20T19:00:06.000Z,2023-07-20T19:00:06.000Z
87de757b-ae8a-4c74-a7f7-676bc2ca0cbc,SFF/ORNo/00188,group,2500,FALSE,TRUE,3,2023-07-15T17:27:00.000Z,2023-07-21T18:52:52.000Z
adab31fd-7761-40e7-a79d-62b8b83898ae,SFF/ORNo/00196,group,2000,FALSE,TRUE,0,2023-07-18T12:11:51.000Z,2023-07-20T20:45:38.000Z
c3e208fa-a2e1-4014-8621-2ba42bc60c42,SF/ORNo/Q0UNE,group,2500,FALSE,FALSE,,2023-07-15T23:08:21.000Z,2023-07-15T23:10:44.000Z
89f96bf2-354a-4850-acbc-36fedf8e220a,SF/ORNo/WAF8X,group,2500,FALSE,TRUE,,2023-07-16T09:18:22.000Z,2023-07-19T21:46:05.000Z
72240019-936d-443c-8c50-3b8fa17df67c,SF/ORNo/WVTDB,individual,3000,FALSE,FALSE,,2023-07-16T00:01:33.000Z,2023-07-16T00:01:33.000Z
649ebade-610f-4afd-89e0-d0c4b2bd80c5,SFF/ORNo/00107,group,2500,FALSE,TRUE,2,2023-07-14T12:34:48.000Z,2023-07-20T20:44:26.000Z
784e9cc2-970d-4125-8331-29fac3607f6a,SFF/ORNo/00526,group,2000,FALSE,TRUE,2,2023-07-20T19:00:01.000Z,2023-07-20T19:34:40.000Z
204d7685-c1f8-450b-a484-4d6e83201202,SF/ORNo/DRY5O,individual,3000,FALSE,FALSE,,2023-07-21T13:20:20.000Z,2023-07-21T20:58:49.000Z
056aae3b-273c-409e-b487-0a26bbeaf065,SFF/ORNo/00148,group,2000,TRUE,TRUE,0,2023-07-15T17:26:50.000Z,2023-07-20T20:45:02.000Z
e9e1cb55-d42e-425e-a00f-c4d7e09742cf,SFF/ORNo/00138,group,2000,FALSE,TRUE,0,2023-07-15T17:26:48.000Z,2023-07-20T20:45:01.000Z
50afa669-77b5-4fc8-98f6-f09566c93370,SF/ORNo/HKOI9,individual,3000,FALSE,FALSE,1,2023-07-16T12:54:36.000Z,2023-07-22T10:24:02.000Z
fafd0a56-6126-4021-b14f-559a1ee55ed5,SF/ORNo/YTJNY,individual,3000,FALSE,FALSE,,2023-07-21T12:15:24.000Z,2023-07-21T12:23:23.000Z
53896a6b-dfc2-451b-bad4-69d5deb51004,SF/ORNo/8D4AI,group,2500,FALSE,FALSE,,2023-07-15T16:39:25.000Z,2023-07-15T16:39:25.000Z
befa5f39-a78e-49c9-8b89-07edca907d37,SFF/ORNo/00255,group,2000,FALSE,TRUE,3,2023-07-20T08:20:47.000Z,2023-07-20T09:24:00.000Z
ff1b99fe-a5fe-4e26-b200-d6dd4bfcd301,SFF/ORNo/00282,group,2000,FALSE,TRUE,3,2023-07-20T19:00:06.000Z,2023-07-20T19:00:06.000Z
afe8e818-d689-45cf-b4d8-ebf72cd86860,SF/ORNo/BYW6V,individual,3000,FALSE,FALSE,,2023-07-15T18:02:16.000Z,2023-07-15T18:02:16.000Z
351a3b79-976f-4110-9414-54f88ce2466a,SF/ORNo/VVCSQ,individual,3000,FALSE,FALSE,,2023-07-20T22:00:56.000Z,2023-07-20T22:07:40.000Z
b78fec7f-a6d5-437e-af54-2afe84b25d99,SF/ORNo/CSQLD,group,2000,FALSE,TRUE,,2023-07-17T11:05:32.000Z,2023-07-20T20:45:43.000Z
b324fa70-d4a7-4b90-bfa7-f222b2aa16ba,SFF/ORNo/00605,group,2000,FALSE,FALSE,1,2023-07-21T18:30:26.000Z,2023-07-21T18:52:48.000Z
5b9b1f2c-fd96-4073-aa96-fbe3bd5e08fc,SF/ORNo/VBHXG,individual,3000,FALSE,FALSE,,2023-07-21T02:03:43.000Z,2023-07-21T02:10:27.000Z
6386c187-83c6-48e8-80a3-835e4c6fdcd6,SFF/ORNo/00221,individual,3000,FALSE,FALSE,0,2023-07-14T12:34:52.000Z,2023-07-19T06:39:27.000Z
1633f8bf-d1cf-406d-b478-abac26d47cb0,SFF/ORNo/00284,group,2000,FALSE,TRUE,4,2023-07-20T19:00:06.000Z,2023-07-20T19:00:06.000Z
a36a876f-8b1c-42b9-917f-1fdd6c6075a1,SF/ORNo/WVYVK,group,2500,FALSE,FALSE,,2023-07-16T09:18:22.000Z,2023-07-16T09:18:22.000Z
b8c9ab6b-c9fc-4867-9839-5ff204ee2aff,SF/ORNo/QIWQ4,group,2000,FALSE,FALSE,,2023-07-15T12:36:51.000Z,2023-07-15T12:36:51.000Z
b4039bd0-4650-427f-ac09-e4584a972d8d,SFF/ORNo/00524,group,2000,FALSE,TRUE,1,2023-07-20T19:00:00.000Z,2023-07-20T19:34:39.000Z
9a73128c-fba9-4749-b340-a5e3a020f1d9,SFF/ORNo/00252,group,2000,FALSE,TRUE,3,2023-07-20T08:20:46.000Z,2023-07-20T09:23:59.000Z
5a6732c7-95df-4c45-8277-54530b3c45f8,SFF/ORNo/00154,group,2000,FALSE,TRUE,0,2023-07-15T17:26:51.000Z,2023-07-22T09:10:00.000Z
fca750a4-2848-48bd-bf27-e1d0306adc2b,SF/ORNo/JTJFT,group,2500,TRUE,FALSE,,2023-07-20T05:17:03.000Z,2023-07-21T03:14:27.000Z
62b47598-b8a6-4101-ac62-2e92e264bc0e,SFF/ORNo/00129,group,2500,FALSE,TRUE,2,2023-07-15T17:26:47.000Z,2023-07-20T20:44:55.000Z
d05866f9-b317-4613-a42c-e5a73df1d307,SF/ORNo/3RRRB,individual,3000,FALSE,FALSE,,2023-07-21T17:55:57.000Z,2023-07-21T17:58:35.000Z
7e88ecf5-d23c-40df-a7ce-e376297dccab,SF/ORNo/R07O0,group,2500,FALSE,FALSE,,2023-07-16T19:50:10.000Z,2023-07-16T19:50:10.000Z
b78fec7f-a6d5-437e-af54-2afe84b25d99,SFF/ORNo/00197,group,2000,FALSE,TRUE,,2023-07-17T11:05:32.000Z,2023-07-20T20:45:43.000Z
b6b6df88-595b-4ffe-a449-8a92017d1115,SF/ORNo/RIPAV,group,2500,FALSE,FALSE,,2023-07-21T09:44:41.000Z,2023-07-21T09:44:41.000Z
5694f595-7f01-4ec9-996e-1fdf4bde2c54,SF/ORNo/CKUCK,individual,3000,FALSE,FALSE,,2023-07-21T10:24:45.000Z,2023-07-21T10:36:59.000Z
78c95eb5-d804-4b59-a17b-a06ba2346983,SF/ORNo/J0H9C,group,2500,FALSE,FALSE,,2023-07-16T09:18:22.000Z,2023-07-16T09:18:22.000Z
53896a6b-dfc2-451b-bad4-69d5deb51004,SF/ORNo/8D4AI,group,2500,FALSE,FALSE,,2023-07-15T16:39:25.000Z,2023-07-15T16:39:25.000Z
c6223014-5234-4b4f-9e1b-3d042f42b183,SFF/ORNo/00116,group,2500,FALSE,TRUE,2,2023-07-14T12:34:50.000Z,2023-07-20T20:44:33.000Z
75e9f48b-bab8-4fa4-9070-a7ad2f1ef61c,SFF/ORNo/00152,group,2000,FALSE,TRUE,0,2023-07-15T17:26:51.000Z,2023-07-20T20:45:03.000Z
8ad14aa9-7542-41df-9d3b-4697d44034f5,SFF/ORNo/00202,group,2000,FALSE,TRUE,1,2023-07-18T12:11:52.000Z,2023-07-20T21:02:36.000Z
5694f595-7f01-4ec9-996e-1fdf4bde2c54,SF/ORNo/8C62K,group,2500,FALSE,FALSE,,2023-07-21T10:24:45.000Z,2023-07-21T10:36:59.000Z
1d5cbebc-4ce6-441c-92eb-e2b1a0d2b31d,SFF/ORNo/00176,group,2500,FALSE,TRUE,3,2023-07-15T17:26:57.000Z,2023-07-20T20:45:25.000Z
73d145ba-6199-4048-bd43-1e346c9e6fc6,SF/ORNo/LCCHE,group,2500,FALSE,FALSE,,2023-07-16T17:27:45.000Z,2023-07-17T04:14:53.000Z
868b2a3e-0416-4328-b8c3-0b496bb15277,SFF/ORNo/00018,group,2500,FALSE,TRUE,1,2023-07-14T12:20:38.000Z,2023-07-20T20:43:35.000Z
f83503c7-aac3-480c-98c0-b0f83ecf2a45,SFF/ORNo/00021,individual,3000,FALSE,TRUE,0,2023-07-14T12:20:39.000Z,2023-07-20T20:43:38.000Z
a416c10d-10f3-4242-a6cb-34c7789ccb30,SF/ORNo/OCENG,group,2500,FALSE,FALSE,,2023-07-17T22:38:56.000Z,2023-07-17T23:09:23.000Z
25c3829f-1852-4990-bb34-2204d86e5d8c,SF/ORNo/XT35T,group,2500,FALSE,FALSE,,2023-07-21T16:12:10.000Z,2023-07-21T16:17:28.000Z
95cec5c0-1316-418b-ad90-2c521031309a,SF/ORNo/MYCEX,individual,3000,TRUE,FALSE,,2023-07-15T23:47:38.000Z,2023-07-16T10:36:26.000Z
c6590054-b487-4452-b12a-f32526668c9d,SF/ORNo/UWPSH,group,2500,FALSE,FALSE,,2023-07-21T13:37:55.000Z,2023-07-21T13:41:37.000Z
f3970a39-8df9-461b-a7ab-6cc60a46f2de,SFF/ORNo/00619,group,2000,FALSE,FALSE,3,2023-07-21T18:30:27.000Z,2023-07-21T18:52:59.000Z
7f50ffa9-6d95-43f1-8b13-76ff6d70275c,SF/ORNo/NBAZS,group,2500,TRUE,FALSE,,2023-07-18T17:55:42.000Z,2023-07-18T18:00:43.000Z
6a664cb8-293a-4e9f-bf01-6318a0ab169f,SFF/ORNo/00132,group,2500,TRUE,TRUE,6,2023-07-15T17:26:47.000Z,2023-07-20T20:44:58.000Z
46340846-6730-4df6-b276-ee3437ab4d75,SF/ORNo/USLQX,individual,3000,FALSE,FALSE,,2023-07-19T12:29:16.000Z,2023-07-19T12:32:05.000Z
2987cd45-b26a-421c-b28d-bc0fe3ddbb6e,SFF/ORNo/00530,group,2000,FALSE,TRUE,1,2023-07-20T19:00:01.000Z,2023-07-20T19:34:44.000Z
1d2984c1-1022-4b24-84a3-a02aca2dfdbf,SF/ORNo/QIWQ4,group,2000,FALSE,FALSE,,2023-07-15T12:36:51.000Z,2023-07-15T12:36:51.000Z
f685f0d4-6ecb-4824-a998-6b45a601065f,SF/ORNo/AAW6X,individual,3000,FALSE,FALSE,,2023-07-21T19:29:03.000Z,2023-07-21T19:53:18.000Z
817be88c-034c-45ec-92e1-0cc4503d67cb,SFF/ORNo/00145,group,2000,FALSE,TRUE,0,2023-07-15T17:26:50.000Z,2023-07-20T20:45:02.000Z
04be8694-31c3-4fdd-81fd-977c37ad7b3b,SFF/ORNo/00077,individual,3000,FALSE,TRUE,0,2023-07-14T12:20:50.000Z,2023-07-20T20:44:03.000Z
8a48c34d-745e-434e-970f-341cc6b91ccc,SFF/ORNo/00080,individual,3000,TRUE,TRUE,0,2023-07-14T12:20:43.000Z,2023-07-20T20:43:50.000Z
6de954f7-c50d-4ea7-9415-94997b19fa97,SFF/ORNo/00170,group,2500,FALSE,TRUE,3,2023-07-15T17:26:54.000Z,2023-07-20T20:45:19.000Z
e1d8eb2a-b31a-42a6-8525-18533a4e1dcc,SFF/ORNo/00607,group,2000,FALSE,FALSE,0,2023-07-21T18:30:26.000Z,2023-07-21T18:52:52.000Z
d5d90b12-5555-48e2-b8f8-89b243403c39,SFF/ORNo/00613,group,2000,FALSE,FALSE,4,2023-07-21T18:30:26.000Z,2023-07-21T18:52:55.000Z
311eea15-b5ba-44ca-bc17-cf3993a775d4,SF/ORNo/0KWL4,group,2500,FALSE,FALSE,,2023-07-20T13:37:30.000Z,2023-07-20T13:40:58.000Z
7e8be17a-050c-4dea-b1a7-8d18b2a39ae5,SFF/ORNo/00084,group,2500,TRUE,TRUE,3,2023-07-14T12:20:51.000Z,2023-07-20T20:44:08.000Z
94a7ee9b-76e0-4455-b96e-9953a68152b3,SF/ORNo/DZVZD,individual,3000,FALSE,FALSE,,2023-07-16T19:33:22.000Z,2023-07-16T19:33:22.000Z
fb3e199b-b357-48ae-8ea0-7de3d559e250,SFF/ORNo/00075,individual,3000,FALSE,TRUE,0,2023-07-14T12:20:49.000Z,2023-07-20T20:44:03.000Z
dfb3c67f-95b7-4ec5-b94b-29726f04041c,SFF/ORNo/00203,group,2500,FALSE,TRUE,2,2023-07-18T12:11:52.000Z,2023-07-20T20:45:44.000Z
a416c10d-10f3-4242-a6cb-34c7789ccb30,SF/ORNo/N8MMV,group,2500,FALSE,FALSE,,2023-07-17T22:38:56.000Z,2023-07-17T23:09:23.000Z
9bba7a96-7064-429b-bc18-c231ab0e65e5,SF/ORNo/QIWQ4,group,2000,FALSE,FALSE,,2023-07-15T12:36:51.000Z,2023-07-15T12:36:51.000Z
c99df366-2b0e-47b1-a2f3-f46558d716bc,SFF/ORNo/00181,group,2500,FALSE,TRUE,3,2023-07-15T17:26:58.000Z,2023-07-20T20:45:28.000Z
bfe8e91c-0421-4867-aa2f-ceb78053cb1a,TS/ORNo/00001,individual,3000,TRUE,FALSE,0,2023-07-14T17:26:30.000Z,2023-07-20T17:09:22.000Z
a1b8a14e-1a47-4890-bafe-207b0d51555d,SF/ORNo/5QJ26,group,2500,TRUE,FALSE,,2023-07-21T08:47:52.000Z,2023-07-22T13:27:05.000Z
27b2c664-46c4-40ec-8792-d74f7443f967,SFF/ORNo/00586,group,2000,FALSE,FALSE,3,2023-07-21T15:42:24.000Z,2023-07-21T16:12:47.000Z
dafba818-a514-4fbd-8779-a20f606ad8ea,SFF/ORNo/00143,group,2000,FALSE,TRUE,0,2023-07-15T17:26:49.000Z,2023-07-20T20:45:01.000Z
1e92f97a-4e59-4ba8-bf4b-514a7097b702,SF/ORNo/ZL0K0,group,2500,FALSE,FALSE,,2023-07-20T16:39:48.000Z,2023-07-20T16:41:49.000Z
b5003251-39cd-49d5-918f-996e7e911991,SFF/ORNo/00070,individual,3000,TRUE,TRUE,0,2023-07-14T12:20:48.000Z,2023-07-20T20:44:02.000Z
a3a49243-b72c-46f0-81a8-9dbb6622ae41,SF/ORNo/GHWDY,individual,3000,TRUE,FALSE,,2023-07-15T12:43:51.000Z,2023-07-20T01:02:50.000Z
1e92f97a-4e59-4ba8-bf4b-514a7097b702,SF/ORNo/ZL0K0,group,2500,FALSE,FALSE,,2023-07-20T16:39:48.000Z,2023-07-20T16:41:49.000Z
858c6688-602c-4c46-a767-bb5865c9c3e6,SF/ORNo/AU48D,individual,3000,FALSE,FALSE,,2023-07-19T14:25:58.000Z,2023-07-19T14:25:58.000Z
382d736a-7b9f-481c-8121-cd8bd15582cf,SFF/ORNo/00558,group,2000,FALSE,FALSE,5,2023-07-21T15:42:21.000Z,2023-07-21T16:12:13.000Z
5fac6265-4e98-42e2-919b-fb7486de3cd3,SFF/ORNo/00151,group,2000,TRUE,TRUE,0,2023-07-15T17:26:51.000Z,2023-07-21T00:20:15.000Z
26e5b255-2944-4a9e-9497-41aff2cfc5e8,SFF/ORNo/00084,group,2500,FALSE,FALSE,0,2023-07-14T12:20:51.000Z,2023-07-14T12:20:51.000Z
a2d23fda-9bfb-40ce-8383-081574ba9234,SF/ORNo/UMMEL,group,2500,FALSE,FALSE,,2023-07-17T12:00:38.000Z,2023-07-17T12:03:43.000Z
c8d97c75-23e5-4d92-a7cf-7d8be068a221,SF/ORNo/U6N6M,group,2500,FALSE,FALSE,,2023-07-20T12:49:45.000Z,2023-07-20T12:51:25.000Z
53896a6b-dfc2-451b-bad4-69d5deb51004,SF/ORNo/8D4AI,group,2500,FALSE,FALSE,,2023-07-15T16:39:25.000Z,2023-07-15T16:39:25.000Z
e9a8e6a7-16d6-4f1a-9152-ae38f2a75f33,SFF/ORNo/00227,individual,3000,FALSE,FALSE,0,2023-07-14T12:34:51.000Z,2023-07-18T20:03:37.000Z
dba46a2b-8548-45d8-a250-981ef1699ae4,SFF/ORNo/00104,group,2500,FALSE,TRUE,0,2023-07-14T12:34:47.000Z,2023-07-20T20:59:21.000Z
76bb20ec-533d-436f-aa82-3250f506faca,SFF/ORNo/00275,group,2000,FALSE,TRUE,2,2023-07-20T19:00:05.000Z,2023-07-20T19:00:05.000Z
a8524fca-9c6b-4dc0-bfad-2665d7153e51,SF/ORNo/OL3KM,group,2500,FALSE,FALSE,,2023-07-18T05:37:12.000Z,2023-07-18T05:37:12.000Z
fca750a4-2848-48bd-bf27-e1d0306adc2b,SF/ORNo/YASHR,group,2500,TRUE,FALSE,,2023-07-20T05:17:03.000Z,2023-07-21T03:14:27.000Z
c9677537-23be-4a36-a5ed-cd25a2391fcd,SF/ORNo/PHIN3,group,2500,TRUE,FALSE,,2023-07-18T14:10:23.000Z,2023-07-18T14:21:46.000Z
93e2806b-fc09-48b0-99c2-7a31272bf38c,SF/ORNo/4UGWA,group,2500,FALSE,FALSE,,2023-07-21T16:02:37.000Z,2023-07-21T16:04:25.000Z
2cd8a8cc-6183-4914-a767-f27ed8745fb5,SF/ORNo/HPI9Y,group,2500,TRUE,FALSE,,2023-07-19T18:36:57.000Z,2023-07-21T03:49:33.000Z
b6f38cc5-82eb-4b3e-bbb3-8ba65f5215d3,SFF/ORNo/00171,group,2500,FALSE,TRUE,4,2023-07-15T17:26:54.000Z,2023-07-22T10:43:56.000Z
9997198e-cef3-4899-840a-7f05167035f7,SFF/ORNo/00160,group,2000,FALSE,TRUE,0,2023-07-15T17:26:52.000Z,2023-07-22T09:11:56.000Z
7559db79-30b4-48d6-a95c-65a4ae4cc55b,SF/ORNo/ZRCJV,group,2500,TRUE,FALSE,,2023-07-17T08:55:56.000Z,2023-07-17T08:57:23.000Z
2f7e5333-4800-4bc5-94bc-60dd2011cb64,SFF/ORNo/00527,group,2000,FALSE,TRUE,1,2023-07-20T19:00:01.000Z,2023-07-20T19:34:41.000Z
bbbcb532-56d6-45ea-a713-e5aa76dcacb0,SFF/ORNo/00047,group,2500,FALSE,TRUE,3,2023-07-14T12:20:44.000Z,2023-07-21T18:52:50.000Z
15b8fc28-b772-4059-b505-38c56da7f9ac,SFF/ORNo/00117,group,2500,FALSE,TRUE,1,2023-07-14T12:34:50.000Z,2023-07-25T11:45:15.000Z
649ebade-610f-4afd-89e0-d0c4b2bd80c5,SFF/ORNo/00107,group,2500,FALSE,TRUE,2,2023-07-14T12:34:48.000Z,2023-07-20T20:44:26.000Z
d09e83f5-5e05-4d14-837c-8a45b1742c12,SF/ORNo/O3BFP,group,2500,FALSE,FALSE,,2023-07-17T21:47:04.000Z,2023-07-17T21:47:04.000Z
147d550d-d431-4578-9b41-f098dd8232f3,SFF/ORNo/00622,group,2000,FALSE,FALSE,50,2023-07-21T18:30:28.000Z,2023-07-21T18:53:09.000Z
89f96bf2-354a-4850-acbc-36fedf8e220a,SF/ORNo/PS6LZ,group,2500,FALSE,TRUE,,2023-07-16T09:18:22.000Z,2023-07-19T21:46:05.000Z
06e4115d-562e-4262-add1-5247328bc6a1,SF/ORNo/GXZVR,individual,3000,FALSE,FALSE,,2023-07-21T17:01:43.000Z,2023-07-21T18:57:01.000Z
10b0c6d8-c083-4657-a601-57ac02de9357,SFF/ORNo/00578,group,2000,FALSE,FALSE,1,2023-07-21T15:42:23.000Z,2023-07-21T16:15:49.000Z
fad267b6-9fe1-4c10-8a01-27125106c680,SFF/ORNo/00034,group,2500,FALSE,TRUE,3,2023-07-14T12:20:41.000Z,2023-07-20T20:43:44.000Z
f4f2e5f4-a482-4c2d-bec0-bcbde305923d,SF/ORNo/8PGYC,group,2500,TRUE,FALSE,,2023-07-21T14:54:00.000Z,2023-07-22T11:14:04.000Z
57e42500-74b5-4e01-89b0-d8c6d6f4e3b5,SFF/ORNo/00546,group,2000,FALSE,FALSE,2,2023-07-21T15:42:19.000Z,2023-07-21T16:12:02.000Z
2111f5e8-cfba-4d9a-aee6-2854c54fe511,SF/ORNo/U2CMY,group,2500,FALSE,FALSE,,2023-07-21T09:15:21.000Z,2023-07-21T18:52:54.000Z
74a5cf25-9557-46e6-8f91-c29fea7535a8,SFF/ORNo/00290,group,2000,TRUE,TRUE,3,2023-07-20T20:18:38.000Z,2023-07-21T18:57:41.000Z
a3f12eba-486b-4cd9-9786-9523a3748bf9,SFF/ORNo/00029,group,2500,FALSE,TRUE,3,2023-07-14T12:20:40.000Z,2023-07-20T20:43:42.000Z
8a48c34d-745e-434e-970f-341cc6b91ccc,SFF/ORNo/00043,individual,3000,TRUE,TRUE,0,2023-07-14T12:20:43.000Z,2023-07-20T20:43:50.000Z
d574641f-2c31-457f-9f60-3f36121f9274,SFF/ORNo/00173,group,2500,FALSE,TRUE,4,2023-07-14T12:20:43.000Z,2023-07-20T20:45:23.000Z
97272511-4ced-46dc-9a6b-957b68b26fa5,SF/ORNo/1Q1OI,individual,3000,TRUE,FALSE,,2023-07-18T12:46:30.000Z,2023-07-19T05:05:13.000Z
f685f0d4-6ecb-4824-a998-6b45a601065f,SF/ORNo/WSMXG,individual,3000,FALSE,FALSE,,2023-07-21T19:29:03.000Z,2023-07-21T19:53:18.000Z
d16f34bd-731e-4e80-baaf-9719facf482a,SF/ORNo/JCQLQ,group,2000,FALSE,FALSE,,2023-07-18T13:16:27.000Z,2023-07-18T13:23:17.000Z
08271260-f112-43bb-824f-121c9df690c5,SFF/ORNo/00615,group,2000,FALSE,FALSE,4,2023-07-21T18:30:26.000Z,2023-07-22T11:09:20.000Z
66523db7-a0f2-44d7-9bf3-e5ee2fbfe5ed,SFF/ORNo/00046,individual,3000,TRUE,TRUE,0,2023-07-14T12:20:44.000Z,2023-07-20T20:43:51.000Z
4ee9cbbb-b555-4c10-a1bc-491fb6dc1174,SFF/ORNo/00229,individual,3000,FALSE,FALSE,0,2023-07-18T20:03:38.000Z,2023-07-18T20:03:38.000Z
8ba45499-b488-42d9-b8ef-731c01f01c7c,SFF/ORNo/00250,group,2000,TRUE,TRUE,49,2023-07-20T08:20:46.000Z,2023-07-20T20:46:13.000Z
96dc2950-e21a-4303-b8eb-8546630ca2d7,SFF/ORNo/00222,individual,3000,FALSE,FALSE,0,2023-07-14T12:34:51.000Z,2023-07-18T20:03:36.000Z
23539a08-8bed-4068-a118-199a985f1add,SFF/ORNo/00612,group,2000,FALSE,FALSE,6,2023-07-21T18:30:26.000Z,2023-07-21T18:52:55.000Z
ce3fadc0-0bc1-44da-904d-41240e89b12f,SF/ORNo/WL0VS,group,2500,FALSE,FALSE,,2023-07-16T18:49:50.000Z,2023-07-16T18:49:50.000Z
af0e9922-10dd-4221-8e4a-02f8dfc62bf6,SFF/ORNo/00054,individual,3000,FALSE,FALSE,0,2023-07-14T12:20:45.000Z,2023-07-14T12:20:45.000Z
0e6d0bff-7925-492d-b05a-2710727265b4,SFF/ORNo/00098,group,2500,TRUE,TRUE,2,2023-07-14T12:20:54.000Z,2023-07-20T20:44:19.000Z
fca750a4-2848-48bd-bf27-e1d0306adc2b,SF/ORNo/JTJFT,group,2500,TRUE,FALSE,,2023-07-20T05:17:03.000Z,2023-07-21T03:14:27.000Z
0042c884-9c6d-44fc-89da-514fadecab8e,SFF/ORNo/00218,group,2000,TRUE,TRUE,50,2023-07-18T20:03:36.000Z,2023-07-20T20:45:58.000Z
b78fec7f-a6d5-437e-af54-2afe84b25d99,SFF/ORNo/00197,group,2000,FALSE,TRUE,,2023-07-17T11:05:32.000Z,2023-07-20T20:45:43.000Z
3650b4b2-5315-42df-89bc-9c1cbf9202a1,SFF/ORNo/00127,group,2500,TRUE,TRUE,3,2023-07-15T17:26:46.000Z,2023-07-20T20:44:53.000Z
4ad74709-6d29-4118-b4a9-2b1477f537c2,SFF/ORNo/00085,group,2500,FALSE,TRUE,3,2023-07-14T12:20:51.000Z,2023-07-20T20:44:09.000Z
c0b57ebc-b662-491d-bd94-57e0d13579bf,SFF/ORNo/00103,group,2500,FALSE,TRUE,3,2023-07-14T12:34:47.000Z,2023-07-20T20:44:24.000Z
47edc332-9edf-406d-afec-962094c1b65f,SF/ORNo/1YPIV,group,2500,FALSE,FALSE,,2023-07-17T15:40:10.000Z,2023-07-22T15:39:12.000Z
9cf163e1-231f-4535-b893-76c5d6bacf47,SF/ORNo/CGTIP,group,2500,FALSE,FALSE,,2023-07-21T17:32:33.000Z,2023-07-21T17:34:01.000Z
9c4dfff9-1bb2-4120-9bd2-cc2072c8fa3e,SFF/ORNo/00231,individual,3000,FALSE,FALSE,0,2023-07-18T20:03:38.000Z,2023-07-18T20:03:38.000Z
b39c41b4-d06d-45a2-8c54-3c5855c9030f,SF/ORNo/JCBZO,individual,3000,FALSE,FALSE,,2023-07-21T14:21:43.000Z,2023-07-21T14:29:11.000Z
3623c3a0-b15d-43ad-a247-08d89718eb3d,SFF/ORNo/00153,group,2000,FALSE,TRUE,0,2023-07-15T17:26:51.000Z,2023-07-20T20:45:03.000Z
b1bf018a-7697-43dd-85a5-92f17282de5f,SF/ORNo/LSDGH,individual,3000,FALSE,FALSE,,2023-07-20T17:53:09.000Z,2023-07-20T18:02:12.000Z
c725e08a-4a9d-4c63-8943-fb0865b38f99,SF/ORNo/WYPCM,individual,3000,FALSE,TRUE,,2023-07-18T06:46:50.000Z,2023-07-20T09:23:58.000Z
8f659a92-3a9a-4913-9ddb-237ec85cf575,SF/ORNo/HTCKP,individual,3000,FALSE,FALSE,,2023-07-21T19:35:54.000Z,2023-07-21T19:38:27.000Z
1115f853-b5d6-4248-8c0d-48dcb6dc4f51,SFF/ORNo/00185,group,2500,FALSE,TRUE,3,2023-07-15T17:26:59.000Z,2023-07-20T20:45:31.000Z
e1f6d67f-797b-4cdb-96a0-e1db3229de44,SFF/ORNo/00571,group,2000,TRUE,FALSE,3,2023-07-21T15:42:22.000Z,2023-07-21T16:12:26.000Z
99bb96c8-c6d9-47d3-9b8b-602a48796c59,SFF/ORNo/00020,group,2500,FALSE,TRUE,4,2023-07-14T12:20:39.000Z,2023-07-21T13:49:38.000Z
ccd77c8e-a5bf-4f02-bd57-0d0140e3e1d4,SF/ORNo/PAAWV,individual,3000,TRUE,FALSE,,2023-07-20T15:14:37.000Z,2023-07-20T15:20:28.000Z
8a48c34d-745e-434e-970f-341cc6b91ccc,SFF/ORNo/00042,individual,3000,TRUE,TRUE,0,2023-07-14T12:20:43.000Z,2023-07-20T20:43:50.000Z
aeb0651e-b5ff-4679-81d1-70bca10c2289,SF/ORNo/27ZHY,group,2500,FALSE,FALSE,,2023-07-21T08:39:19.000Z,2023-07-21T08:45:11.000Z
e83bb575-19bb-4152-be8c-cb66b1a408e7,SFF/ORNo/00223,individual,3000,FALSE,FALSE,1,2023-07-14T12:34:52.000Z,2023-07-19T10:25:01.000Z
c83c7372-ced8-4489-b13b-f22e25d8f38b,SFF/ORNo/00267,group,2000,FALSE,TRUE,4,2023-07-20T19:00:04.000Z,2023-07-20T19:00:04.000Z
fe26dd85-a1e1-4621-b1ab-ef94ef72a373,SFF/ORNo/00032,individual,3000,FALSE,TRUE,0,2023-07-14T12:20:41.000Z,2023-07-20T20:43:43.000Z
89f96bf2-354a-4850-acbc-36fedf8e220a,SF/ORNo/WBMPP,individual,3000,FALSE,TRUE,,2023-07-16T09:18:22.000Z,2023-07-19T21:46:05.000Z
294097a4-d30b-4590-ba29-6357f8e1578e,SFF/ORNo/00565,group,2000,FALSE,FALSE,2,2023-07-21T15:42:22.000Z,2023-07-21T16:12:22.000Z
6d66f95d-618d-4732-9024-130d7572ee70,SFF/ORNo/00567,group,2000,FALSE,FALSE,3,2023-07-21T15:42:22.000Z,2023-07-21T16:12:23.000Z
31641300-00c5-4f82-9372-23e632a8d568,SF/ORNo/VZWFJ,individual,3000,TRUE,FALSE,,2023-07-16T10:48:41.000Z,2023-07-16T10:50:22.000Z
e660cb9a-9f80-4e26-b6e5-de7b36e9f4d8,SF/ORNo/BWXMZ,individual,3000,FALSE,FALSE,,2023-07-17T08:22:34.000Z,2023-07-17T08:26:01.000Z
0eccc9a8-0c64-4050-b5cd-ee1b6460067f,SFF/ORNo/00057,group,2500,FALSE,TRUE,3,2023-07-14T12:20:46.000Z,2023-07-20T20:43:58.000Z
7e506fda-cc71-4880-a811-913a34bf13b7,SFF/ORNo/00068,individual,3000,FALSE,TRUE,0,2023-07-14T12:20:48.000Z,2023-07-20T20:44:02.000Z
45fe755a-79dc-4a8a-a8b0-da71bd05538a,SFF/ORNo/00207,individual,3000,TRUE,TRUE,0,2023-07-14T12:20:51.000Z,2023-07-21T09:58:07.000Z
a59dad06-a2ce-4522-b70a-62e6ee495171,SFF/ORNo/00512,group,2000,FALSE,TRUE,1,2023-07-20T18:59:59.000Z,2023-07-21T22:41:36.000Z
f4f2e5f4-a482-4c2d-bec0-bcbde305923d,SF/ORNo/VT5FN,group,2500,TRUE,FALSE,,2023-07-21T14:54:00.000Z,2023-07-22T11:14:04.000Z
4b679199-fada-4016-84a9-4942a3cd29bc,SFF/ORNo/00114,group,2500,FALSE,TRUE,1,2023-07-14T12:34:49.000Z,2023-07-20T21:39:42.000Z
4194f133-854b-4e17-bc8f-09e0e2aff6fe,SFF/ORNo/00537,group,2000,FALSE,TRUE,5,2023-07-20T19:00:02.000Z,2023-07-20T19:00:02.000Z
8755876e-d598-4826-ac6c-4e313ca77873,SF/ORNo/B4X26,group,2500,FALSE,FALSE,,2023-07-18T09:15:16.000Z,2023-07-18T09:26:08.000Z
87bbbb1c-d8d1-4c2c-aaa0-619861b60a6c,SF/ORNo/OE9F5,individual,3000,TRUE,FALSE,1,2023-07-20T07:41:21.000Z,2023-07-21T16:03:13.000Z
5c61b714-2dcd-4715-97e6-b3e4c61610c7,SFF/ORNo/00508,group,2000,TRUE,TRUE,2,2023-07-20T18:58:45.000Z,2023-07-21T22:41:34.000Z
ea9d2583-ad49-4c82-bdad-e1cfb2851ed5,SF/ORNo/0IFEH,individual,3000,FALSE,FALSE,,2023-07-16T18:51:15.000Z,2023-07-16T18:51:15.000Z
e9a4f8a0-d5f1-4bd2-ba9b-1a544b5dd9ce,SFF/ORNo/00278,group,2000,FALSE,TRUE,3,2023-07-20T19:00:06.000Z,2023-07-20T19:00:06.000Z
d53938ee-0dd9-4516-ac20-f5fbafaafa35,SFF/ORNo/00192,group,2500,TRUE,TRUE,3,2023-07-15T17:27:00.000Z,2023-07-22T13:17:20.000Z
44228103-3850-4791-88bb-ee87962cb6a0,SF/ORNo/EPHPI,group,2500,TRUE,FALSE,,2023-07-20T13:29:40.000Z,2023-07-20T13:31:30.000Z
7d9ec4a5-d3e0-470f-b262-c6b171fc5121,SFF/ORNo/00531,group,2000,FALSE,TRUE,2,2023-07-20T19:00:01.000Z,2023-07-20T19:34:44.000Z
5eff4f89-64af-4c80-9fc6-0e62b2bb21e7,SFF/ORNo/00089,group,2000,TRUE,TRUE,2,2023-07-14T12:20:52.000Z,2023-07-20T20:44:13.000Z
e7ec2c66-e637-4f8f-92f4-ff514987be6c,SFF/ORNo/00617,group,2000,FALSE,FALSE,3,2023-07-21T18:30:27.000Z,2023-07-21T18:52:58.000Z
1d2984c1-1022-4b24-84a3-a02aca2dfdbf,SF/ORNo/3QLSF,group,2000,FALSE,FALSE,,2023-07-15T12:36:51.000Z,2023-07-15T12:36:51.000Z
28208978-8777-4135-a8be-245ebf7f3b84,SFF/ORNo/00174,group,2500,TRUE,TRUE,2,2023-07-15T17:26:56.000Z,2023-07-20T20:45:24.000Z
dfc3afa2-ba66-4452-90ad-9e8953d3b400,SFF/ORNo/00058,individual,3000,TRUE,TRUE,0,2023-07-14T12:20:45.000Z,2023-07-20T20:43:58.000Z
e33c655a-1cd1-4958-a5a3-65f411f8707b,SF/ORNo/YJRF4,individual,3000,FALSE,FALSE,,2023-07-21T09:11:40.000Z,2023-07-21T09:11:40.000Z
52c75ec8-bea7-4a3e-a88a-b54242a04c45,SFF/ORNo/00130,individual,3000,FALSE,TRUE,,2023-07-15T17:26:47.000Z,2023-07-20T20:44:56.000Z
0af9075d-b035-4ff6-8177-9fdbf4bc550a,SFF/ORNo/00099,group,2500,TRUE,TRUE,6,2023-07-14T12:20:54.000Z,2023-07-20T20:44:21.000Z
5e72cb93-2c40-4bb7-9782-9b34a538b211,SF/ORNo/XTVAF,group,2500,TRUE,FALSE,,2023-07-15T12:28:41.000Z,2023-07-15T12:28:41.000Z
7d1f0233-75a7-45ba-b2ef-eda76a96a2a8,SF/ORNo/LHAWA,group,2500,FALSE,FALSE,,2023-07-18T12:49:43.000Z,2023-07-18T12:52:08.000Z
89f96bf2-354a-4850-acbc-36fedf8e220a,SF/ORNo/WVYVK,group,2500,FALSE,TRUE,,2023-07-16T09:18:22.000Z,2023-07-19T21:46:05.000Z
5b458c8c-b622-4572-8104-c0bb3d7bb8db,SF/ORNo/ZRCJV,group,2500,TRUE,FALSE,,2023-07-17T08:55:56.000Z,2023-07-17T08:57:23.000Z
efd8244f-82f9-4139-b822-4cb8c335f658,SFF/ORNo/00579,group,2000,FALSE,FALSE,1,2023-07-21T15:42:24.000Z,2023-07-21T16:16:57.000Z
ebe43717-33ca-432f-a6d2-a2afba67ba10,SFF/ORNo/00121,group,2000,FALSE,TRUE,1,2023-07-14T12:34:52.000Z,2023-07-22T12:38:18.000Z
f07a1274-d699-4c8b-aa2c-aba16e375dd5,SF/ORNo/WQEUM,group,2500,FALSE,FALSE,,2023-07-15T16:39:25.000Z,2023-07-15T16:39:25.000Z
f688bc59-a618-42cb-bdc7-b4c2cc45fe7a,SFF/ORNo/00588,group,2000,TRUE,FALSE,1,2023-07-21T15:42:25.000Z,2023-07-21T16:38:55.000Z
19901575-d69c-4a07-9b36-7d9be425cf8a,SFF/ORNo/00086,group,2000,FALSE,FALSE,0,2023-07-14T12:20:52.000Z,2023-07-14T12:20:52.000Z
b3fb2931-f0ca-4b19-8af5-54e57b29d2ec,SFF/ORNo/00504,group,2000,FALSE,TRUE,1,2023-07-20T18:58:44.000Z,2023-07-21T22:41:32.000Z
04e09c2f-2064-4a8d-97a1-304e7ed90d0b,SFF/ORNo/00025,group,2500,FALSE,TRUE,4,2023-07-14T12:20:39.000Z,2023-07-21T01:15:21.000Z
515c94a8-b56b-4d59-816c-185e8b1059b7,SFF/ORNo/00513,group,2000,FALSE,TRUE,1,2023-07-20T18:59:59.000Z,2023-07-22T06:55:05.000Z
da39ca7a-59c2-49b4-b6bc-b59c06241ddc,SFF/ORNo/00194,group,2000,FALSE,TRUE,0,2023-07-18T12:11:50.000Z,2023-07-20T20:45:38.000Z
f4cae447-5aea-4c81-aab9-724e92e50030,SFF/ORNo/00251,group,2000,FALSE,TRUE,4,2023-07-20T08:20:46.000Z,2023-07-20T09:23:59.000Z
d574641f-2c31-457f-9f60-3f36121f9274,SFF/ORNo/00173,group,2500,FALSE,TRUE,4,2023-07-14T12:20:43.000Z,2023-07-20T20:45:23.000Z
31c25cc4-0c96-4993-8327-3205e17868e0,SFF/ORNo/00541,group,2000,FALSE,TRUE,1,2023-07-20T19:00:03.000Z,2023-07-21T16:48:17.000Z
ace11d78-7de6-4f73-aa17-a4950855ca9e,SFF/ORNo/00594,group,2000,FALSE,FALSE,3,2023-07-21T15:42:25.000Z,2023-07-21T16:12:53.000Z
28647a21-9053-46a1-854a-8791c34b38f3,SF/ORNo/QS3U0,group,2500,FALSE,FALSE,,2023-07-19T18:49:31.000Z,2023-07-19T18:52:49.000Z
8994e2ee-d89b-476c-9de9-7d5f0af1b35c,SFF/ORNo/00064,group,2500,FALSE,FALSE,0,2023-07-14T12:20:47.000Z,2023-07-14T12:20:47.000Z
a0cd064e-f7b6-4c90-ae0d-8822015157e7,SF/ORNo/XWW2T,individual,3000,FALSE,FALSE,,2023-07-18T07:03:12.000Z,2023-07-18T07:03:12.000Z
5eff4f89-64af-4c80-9fc6-0e62b2bb21e7,SFF/ORNo/00235,group,2500,TRUE,TRUE,2,2023-07-14T12:20:52.000Z,2023-07-20T20:44:13.000Z
8755876e-d598-4826-ac6c-4e313ca77873,SF/ORNo/XXTCY,group,2500,FALSE,FALSE,,2023-07-18T09:15:16.000Z,2023-07-18T09:26:08.000Z
2dacabac-b905-4bf7-a274-1ed2ae2214a2,SFF/ORNo/00575,group,2000,FALSE,FALSE,5,2023-07-21T15:42:23.000Z,2023-07-21T16:12:31.000Z
2c5c48bb-2e7f-48dc-bce9-9d74422fa782,SFF/ORNo/00164,group,2500,FALSE,TRUE,,2023-07-14T10:07:16.000Z,2023-07-20T20:45:13.000Z
5d720f21-45ab-4af5-bf06-ab51ef2452ee,SFF/ORNo/00266,group,2000,FALSE,TRUE,2,2023-07-20T19:00:04.000Z,2023-07-20T19:00:04.000Z
dbec3964-9039-4b23-a548-f6ef333b8a57,SF/ORNo/V8III,individual,3000,FALSE,TRUE,4,2023-07-14T12:20:54.000Z,2023-07-20T20:44:18.000Z
204d7685-c1f8-450b-a484-4d6e83201202,SF/ORNo/UGAFA,individual,3000,FALSE,FALSE,,2023-07-21T13:20:20.000Z,2023-07-21T20:58:49.000Z
b78fec7f-a6d5-437e-af54-2afe84b25d99,SF/ORNo/UESRP,group,2000,FALSE,TRUE,,2023-07-17T11:05:32.000Z,2023-07-20T20:45:43.000Z
c6590054-b487-4452-b12a-f32526668c9d,SF/ORNo/CRWYH,group,2500,FALSE,FALSE,,2023-07-21T13:37:55.000Z,2023-07-21T13:41:37.000Z
adaac24d-0d27-4758-ba92-f826d6d6df60,SFF/ORNo/00556,group,2000,FALSE,FALSE,2,2023-07-21T15:42:21.000Z,2023-07-21T16:12:11.000Z
69b22aad-7435-411b-be35-9510950f708e,SF/ORNo/ZRWIW,individual,3000,FALSE,FALSE,,2023-07-16T11:06:02.000Z,2023-07-16T11:06:02.000Z
f57ce0fc-bd18-429c-8714-6ff146bd79f7,SF/ORNo/GGZWE,individual,3000,FALSE,TRUE,0,2023-07-14T12:20:49.000Z,2023-07-21T04:02:49.000Z
54261e8f-fb45-4e64-a492-af99ecfde571,SFF/ORNo/00258,group,2000,FALSE,TRUE,1,2023-07-20T08:20:47.000Z,2023-07-20T09:24:01.000Z
1dcb4466-52dc-4ffb-a3c0-0386d5a2aa8f,SFF/ORNo/00192,group,2500,FALSE,FALSE,0,2023-07-15T17:27:01.000Z,2023-07-15T17:27:01.000Z
45fe755a-79dc-4a8a-a8b0-da71bd05538a,SFF/ORNo/00082,group,2500,TRUE,TRUE,0,2023-07-14T12:20:51.000Z,2023-07-21T09:58:07.000Z
8b51329f-087e-4730-8f78-eab0648b759f,SF/ORNo/QNT45,individual,3000,FALSE,FALSE,,2023-07-21T20:09:06.000Z,2023-07-21T20:22:42.000Z
53896a6b-dfc2-451b-bad4-69d5deb51004,SF/ORNo/WQEUM,group,2500,FALSE,FALSE,,2023-07-15T16:39:25.000Z,2023-07-15T16:39:25.000Z
e336be39-e02f-45e7-b6f3-e9ae74dcfaba,SFF/ORNo/00037,group,2500,FALSE,TRUE,3,2023-07-14T12:20:42.000Z,2023-07-20T20:43:47.000Z
55b88398-8aba-44ce-9829-ecdfeeb1255a,SF/ORNo/BPITR,individual,3000,FALSE,FALSE,,2023-07-21T19:54:58.000Z,2023-07-21T19:56:50.000Z
89f96bf2-354a-4850-acbc-36fedf8e220a,SF/ORNo/KOXAL,group,2500,FALSE,TRUE,,2023-07-16T09:18:22.000Z,2023-07-19T21:46:05.000Z
d574641f-2c31-457f-9f60-3f36121f9274,SFF/ORNo/00173,group,2500,FALSE,TRUE,4,2023-07-14T12:20:43.000Z,2023-07-20T20:45:23.000Z
9255adef-ac70-419a-a3d7-c86ec966c447,SFF/ORNo/00272,group,2000,FALSE,TRUE,2,2023-07-20T19:00:05.000Z,2023-07-20T19:00:05.000Z
95cec5c0-1316-418b-ad90-2c521031309a,SF/ORNo/PXA1T,individual,3000,TRUE,FALSE,,2023-07-15T23:47:38.000Z,2023-07-16T10:36:26.000Z
7b5faf43-7f92-46ae-9488-41e7c7db276b,SFF/ORNo/00518,group,2000,FALSE,TRUE,2,2023-07-20T19:00:00.000Z,2023-07-21T22:41:38.000Z
483f471e-8da0-4411-9c4f-9d139c1a32b4,SFF/ORNo/00562,group,2000,FALSE,FALSE,2,2023-07-21T15:42:21.000Z,2023-07-21T16:12:19.000Z
99719b00-b9ac-4fbe-9ac2-3a40784f28e6,SFF/ORNo/00568,group,2000,FALSE,FALSE,2,2023-07-21T15:42:22.000Z,2023-07-21T16:12:24.000Z
b6ce3db3-2fa7-4e74-a6ee-033216414a6e,SFF/ORNo/00265,group,2000,TRUE,TRUE,11,2023-07-20T19:00:04.000Z,2023-07-20T19:00:04.000Z
867db526-2a65-4e7e-a7a4-386ac5587bf7,SFF/ORNo/00242,group,2000,TRUE,TRUE,1,2023-07-20T08:20:46.000Z,2023-07-21T18:52:47.000Z
9d1bea93-c37c-4b3e-8839-1120e0900358,SFF/ORNo/00006,group,2000,FALSE,TRUE,10,2023-07-14T12:20:36.000Z,2023-07-20T20:43:26.000Z
b39c41b4-d06d-45a2-8c54-3c5855c9030f,SF/ORNo/D923H,individual,3000,FALSE,FALSE,,2023-07-21T14:21:43.000Z,2023-07-21T14:29:11.000Z
a8524fca-9c6b-4dc0-bfad-2665d7153e51,SF/ORNo/GDLOP,group,2500,FALSE,FALSE,,2023-07-18T05:37:12.000Z,2023-07-18T05:37:12.000Z
63dc3b9a-5f52-4e1e-9c98-8982f498b18c,SF/ORNo/QVDWM,group,2500,FALSE,FALSE,,2023-07-18T05:52:07.000Z,2023-07-18T05:55:14.000Z
71187e6e-58a4-4107-9ce1-d8d60c09f0a5,SFF/ORNo/00257,group,2000,FALSE,TRUE,4,2023-07-20T08:20:47.000Z,2023-07-20T09:24:01.000Z
a0cd064e-f7b6-4c90-ae0d-8822015157e7,SF/ORNo/WNRMN,individual,3000,FALSE,FALSE,,2023-07-18T07:03:12.000Z,2023-07-18T07:03:12.000Z
888d9002-fa84-423c-aef6-c7b49f1edf9e,SFF/ORNo/00161,group,2000,TRUE,TRUE,0,2023-07-15T17:26:52.000Z,2023-07-20T20:45:05.000Z
a3a49243-b72c-46f0-81a8-9dbb6622ae41,SF/ORNo/WGBMC,individual,3000,TRUE,FALSE,,2023-07-15T12:43:51.000Z,2023-07-20T01:02:50.000Z
e336be39-e02f-45e7-b6f3-e9ae74dcfaba,SFF/ORNo/00037,group,2500,FALSE,TRUE,3,2023-07-14T12:20:42.000Z,2023-07-20T20:43:47.000Z
f4826770-2960-410f-ad96-44a46164261a,SFF/ORNo/00538,group,2000,FALSE,TRUE,0,2023-07-20T19:00:02.000Z,2023-07-20T19:00:02.000Z
0d45f1c0-8bec-4735-ab9c-3845a82f4460,SFF/ORNo/00079,individual,3000,FALSE,TRUE,0,2023-07-14T12:20:50.000Z,2023-07-20T20:44:01.000Z
e868adcb-daca-4b3f-bd22-09aed64b98cc,SF/ORNo/FMMGE,individual,3000,FALSE,FALSE,,2023-07-20T00:58:50.000Z,2023-07-20T00:58:50.000Z
36b5bf0d-6c00-446f-9473-3953038c2eb1,SF/ORNo/SMCDR,group,2500,FALSE,FALSE,,2023-07-16T19:34:46.000Z,2023-07-16T19:34:46.000Z
dbec3964-9039-4b23-a548-f6ef333b8a57,SFF/ORNo/00212,group,2500,FALSE,TRUE,4,2023-07-14T12:20:54.000Z,2023-07-20T20:44:18.000Z
4ebda63c-0a15-4572-b8ea-9e65a267d68b,SFF/ORNo/00232,individual,3000,FALSE,FALSE,0,2023-07-18T20:03:38.000Z,2023-07-18T20:03:38.000Z
cbc6986a-656f-41c0-9b71-51b9e2f651d1,SF/ORNo/TIEHV,individual,3000,FALSE,FALSE,,2023-07-19T13:09:01.000Z,2023-07-19T13:09:01.000Z
471429e7-044f-4a61-a3ad-34dc0ec3d1ca,SFF/ORNo/00532,group,2000,FALSE,TRUE,2,2023-07-20T19:00:01.000Z,2023-07-20T19:34:45.000Z
4d4d4733-f8ae-4988-97c4-69eb34a48455,SF/ORNo/3IKIW,individual,3000,TRUE,FALSE,,2023-07-21T18:12:03.000Z,2023-07-21T18:20:05.000Z
b5094d61-997b-4be7-ba36-90552fc5bf9c,SFF/ORNo/00269,group,2000,FALSE,TRUE,2,2023-07-20T19:00:05.000Z,2023-07-20T19:00:05.000Z
7c516979-a93a-4626-bf53-a38f4678e3b6,SFF/ORNo/00195,group,2000,FALSE,TRUE,0,2023-07-18T12:11:50.000Z,2023-07-20T20:45:38.000Z
575b6fc2-4567-4374-a84f-70ed78615409,SFF/ORNo/00004,individual,3000,FALSE,TRUE,1,2023-07-14T12:20:36.000Z,2023-07-20T20:43:22.000Z
ae319daf-adc6-460d-99ea-4c6e949c761e,SF/ORNo/3QFIW,individual,3000,FALSE,FALSE,,2023-09-08T06:54:17.000Z,2023-09-08T06:54:17.000Z
53896a6b-dfc2-451b-bad4-69d5deb51004,SF/ORNo/WQEUM,group,2500,FALSE,FALSE,,2023-07-15T16:39:25.000Z,2023-07-15T16:39:25.000Z
6ce3b4d5-b409-459c-bcf1-1dee5d259016,SFF/ORNo/00101,group,2500,FALSE,TRUE,2,2023-07-14T12:34:47.000Z,2023-07-21T11:08:35.000Z
d574641f-2c31-457f-9f60-3f36121f9274,SFF/ORNo/00173,group,2500,FALSE,TRUE,4,2023-07-14T12:20:43.000Z,2023-07-20T20:45:23.000Z
53896a6b-dfc2-451b-bad4-69d5deb51004,SF/ORNo/WQEUM,group,2500,FALSE,FALSE,,2023-07-15T16:39:25.000Z,2023-07-15T16:39:25.000Z
3f05a7ec-de2b-400c-89f0-947e36c2474e,SFF/ORNo/00264,group,2000,FALSE,TRUE,3,2023-07-20T19:00:04.000Z,2023-07-20T19:00:04.000Z
97272511-4ced-46dc-9a6b-957b68b26fa5,SF/ORNo/CK5UL,individual,3000,TRUE,FALSE,,2023-07-18T12:46:30.000Z,2023-07-19T05:05:13.000Z
7a00f623-84ee-4db7-a164-723ca3dee376,SF/ORNo/ONCKS,individual,3000,TRUE,FALSE,1,2023-07-19T09:50:52.000Z,2023-07-19T15:59:08.000Z
5a202483-a954-4f85-850a-ae7e24ddd9e7,SFF/ORNo/00208,individual,3000,FALSE,TRUE,7,2023-07-14T12:34:49.000Z,2023-07-20T20:44:31.000Z
f4f2e5f4-a482-4c2d-bec0-bcbde305923d,SF/ORNo/IPQ5T,group,2500,TRUE,FALSE,,2023-07-21T14:54:00.000Z,2023-07-22T11:14:04.000Z
e33c655a-1cd1-4958-a5a3-65f411f8707b,SF/ORNo/LIHYG,group,2500,FALSE,FALSE,,2023-07-21T09:11:40.000Z,2023-07-21T09:11:40.000Z
2a50c14f-028b-40b9-ad95-df457e967310,SFF/ORNo/00228,individual,3000,FALSE,FALSE,0,2023-07-14T12:34:51.000Z,2023-07-18T20:03:37.000Z
bde1a9e9-3f1f-4a06-9491-23d4e789d91f,SF/ORNo/JVIEF,group,2500,FALSE,FALSE,,2023-07-20T12:49:45.000Z,2023-07-20T12:51:25.000Z
df9b8c6c-b9dc-4435-80a7-5ec36d0cab2e,SFF/ORNo/00263,group,2000,FALSE,TRUE,2,2023-07-20T19:00:04.000Z,2023-07-20T19:00:04.000Z
7e96429f-a7ea-41b4-a238-74a011bd9a10,SFF/ORNo/00158,group,2000,FALSE,TRUE,0,2023-07-15T17:26:52.000Z,2023-07-20T20:45:04.000Z
d4fb44ef-1a66-41f2-b9b0-79cd95b23c3c,SFF/ORNo/00008,group,2500,FALSE,TRUE,4,2023-07-14T12:20:36.000Z,2023-07-20T20:43:28.000Z
1e92f97a-4e59-4ba8-bf4b-514a7097b702,SF/ORNo/ZL0K0,group,2500,FALSE,FALSE,,2023-07-20T16:39:48.000Z,2023-07-20T16:41:49.000Z
0c3b5b88-08ec-44a5-8910-4345a201ef99,SFF/ORNo/00187,group,2500,TRUE,TRUE,3,2023-07-15T17:26:59.000Z,2023-07-20T20:45:33.000Z
10c546f7-5948-473f-ba0e-cd6500a392e4,SFF/ORNo/00054,group,2500,FALSE,TRUE,2,2023-07-14T12:20:45.000Z,2023-07-20T20:43:55.000Z
632b807d-eee9-4e50-9a6e-1b074ad8e4f8,SF/ORNo/KLBAS,individual,3000,FALSE,FALSE,,2023-07-21T10:54:59.000Z,2023-07-21T10:54:59.000Z
aafbb6b1-6c71-49c7-97f6-6bd2bc6cbae5,SFF/ORNo/00582,group,2000,FALSE,FALSE,4,2023-07-21T15:42:24.000Z,2023-07-21T16:12:44.000Z
bde1a9e9-3f1f-4a06-9491-23d4e789d91f,SF/ORNo/5NS1W,individual,3000,FALSE,FALSE,,2023-07-20T12:49:45.000Z,2023-07-20T12:51:25.000Z
9458beb3-cb06-4cf8-ace9-0273fd35fbf3,SF/ORNo/EEQLD,group,2500,FALSE,FALSE,,2023-07-19T10:19:46.000Z,2023-07-19T10:19:46.000Z
e5257a1a-5806-4621-80b4-869698ca02b0,SF/ORNo/3OKWS,individual,3000,FALSE,FALSE,,2023-07-19T18:11:56.000Z,2023-07-20T12:36:10.000Z
92497297-6df4-4a88-8fc5-cd6d2f2b5ef4,SF/ORNo/B4X26,group,2500,FALSE,FALSE,,2023-07-18T09:15:16.000Z,2023-07-18T09:26:08.000Z
7ed188a5-b101-446c-ace6-95c7354e6a85,SF/ORNo/8C62K,group,2500,FALSE,FALSE,,2023-07-21T10:24:45.000Z,2023-07-21T10:26:34.000Z
90b2e4bb-ddc2-4413-9262-885e1570b83c,SF/ORNo/KRG7Y,group,2500,FALSE,FALSE,,2023-07-21T10:09:02.000Z,2023-07-21T11:31:06.000Z
d0496d30-8eaa-4198-9181-57b6ecb64fd4,SFF/ORNo/00557,group,2000,FALSE,FALSE,4,2023-07-21T15:42:21.000Z,2023-07-21T16:12:12.000Z
92497297-6df4-4a88-8fc5-cd6d2f2b5ef4,SF/ORNo/XXTCY,group,2500,FALSE,FALSE,,2023-07-18T09:15:16.000Z,2023-07-18T09:26:08.000Z
c6590054-b487-4452-b12a-f32526668c9d,SF/ORNo/AHW1I,group,2500,FALSE,FALSE,,2023-07-21T13:37:55.000Z,2023-07-21T13:41:37.000Z
fca750a4-2848-48bd-bf27-e1d0306adc2b,SF/ORNo/YASHR,group,2500,TRUE,FALSE,,2023-07-20T05:17:03.000Z,2023-07-21T03:14:27.000Z
7a00f623-84ee-4db7-a164-723ca3dee376,SF/ORNo/DMLSE,individual,3000,TRUE,FALSE,1,2023-07-19T09:50:52.000Z,2023-07-19T15:59:08.000Z
b1bf018a-7697-43dd-85a5-92f17282de5f,SF/ORNo/JWSYX,individual,3000,FALSE,FALSE,,2023-07-20T17:53:09.000Z,2023-07-20T18:02:12.000Z
2c5c48bb-2e7f-48dc-bce9-9d74422fa782,SF/ORNo/RDZYW,group,2500,FALSE,TRUE,,2023-07-14T10:07:16.000Z,2023-07-20T20:45:13.000Z
a831a8f1-959c-44c8-a1b6-1383a4e81eac,SFF/ORNo/00159,group,2000,TRUE,TRUE,0,2023-07-15T17:26:52.000Z,2023-07-20T20:45:05.000Z
7d1f0233-75a7-45ba-b2ef-eda76a96a2a8,SF/ORNo/XIGIP,individual,3000,FALSE,FALSE,,2023-07-18T12:49:43.000Z,2023-07-18T12:52:08.000Z
19b11126-c03a-479c-aa54-401dccbaced2,SF/ORNo/NS9TI,group,2500,FALSE,FALSE,,2023-07-17T16:43:51.000Z,2023-07-17T17:10:57.000Z
b3966fa1-9f6f-4169-bf22-f41ab74530ac,SFF/ORNo/00553,group,2000,FALSE,FALSE,2,2023-07-21T15:42:20.000Z,2023-07-21T16:12:08.000Z
8d07c103-9535-475c-98d1-b0fbb6f9e233,SFF/ORNo/00547,group,2000,FALSE,FALSE,5,2023-07-21T15:42:19.000Z,2023-07-21T16:12:03.000Z
a8bda4c1-69cd-4668-9a23-01ccbd094ab3,SFF/ORNo/00522,group,2000,FALSE,TRUE,2,2023-07-20T19:00:00.000Z,2023-07-21T22:41:40.000Z
da924a22-4efb-486d-a58a-56406775f2b9,SFF/ORNo/00226,individual,3000,FALSE,FALSE,0,2023-07-14T12:34:51.000Z,2023-07-18T20:03:37.000Z
7c7d4603-f00c-4b9c-949d-f6148daa9e04,SFF/ORNo/00165,group,2500,FALSE,TRUE,2,2023-07-15T17:26:53.000Z,2023-07-22T11:29:20.000Z
b6d569e9-f884-400b-8f29-23f21d605a0f,SFF/ORNo/00059,group,2500,FALSE,FALSE,0,2023-07-14T12:20:46.000Z,2023-07-14T12:20:46.000Z
839d57ea-02a2-4626-b99e-9beef42ff875,SFF/ORNo/00501,group,2000,FALSE,TRUE,2,2023-07-20T18:58:44.000Z,2023-07-21T22:41:30.000Z
18ca177e-bd62-42b7-bb56-3d53c439e9a5,SF/ORNo/1TSG9,individual,3000,FALSE,FALSE,,2023-07-21T18:40:23.000Z,2023-07-21T18:40:23.000Z
f196e87f-849e-4448-a766-0da5fd26d91c,SFF/ORNo/00618,group,2000,FALSE,FALSE,4,2023-07-21T18:30:27.000Z,2023-07-21T18:52:59.000Z
9e32b848-7c70-4071-ba8f-4ef4d2ca5697,SFF/ORNo/00519,group,2000,FALSE,TRUE,2,2023-07-20T19:00:00.000Z,2023-07-21T22:41:39.000Z
1a094915-2568-4bf1-a26c-8d547198ed4c,SFF/ORNo/00146,group,2000,TRUE,TRUE,0,2023-07-15T17:26:50.000Z,2023-07-22T04:12:18.000Z
99bb96c8-c6d9-47d3-9b8b-602a48796c59,SF/ORNo/W1QNG,individual,3000,FALSE,FALSE,4,2023-07-14T12:20:39.000Z,2023-07-21T13:49:38.000Z
d7c934c4-7d75-4a59-bdf6-6170a31ff59b,SFF/ORNo/00536,group,2000,FALSE,TRUE,1,2023-07-20T19:00:02.000Z,2023-07-20T19:00:02.000Z
fafd0a56-6126-4021-b14f-559a1ee55ed5,SF/ORNo/BA2H1,individual,3000,FALSE,FALSE,,2023-07-21T12:15:24.000Z,2023-07-21T12:23:23.000Z
e27a2d5c-d5ad-4a83-a4f8-ca542eca2f65,SFF/ORNo/00597,group,2000,FALSE,FALSE,4,2023-07-21T15:42:26.000Z,2023-07-21T16:12:54.000Z
547cbde4-e73c-417b-9111-99f88be14b08,SFF/ORNo/00199,group,2000,FALSE,TRUE,1,2023-07-18T12:11:51.000Z,2023-07-22T12:22:06.000Z
9de692e2-2a4c-4efc-a2c9-8645e2db2b99,SF/ORNo/XT35T,group,2500,FALSE,FALSE,,2023-07-21T16:12:10.000Z,2023-07-21T16:17:28.000Z
93e2806b-fc09-48b0-99c2-7a31272bf38c,SF/ORNo/4UGWA,group,2500,FALSE,FALSE,,2023-07-21T16:02:37.000Z,2023-07-21T16:04:25.000Z
7bc723f5-91f1-436e-aa1d-c63106269c6d,SF/ORNo/FATWX,individual,3000,FALSE,FALSE,,2023-07-21T21:07:50.000Z,2023-07-21T21:10:59.000Z
7a2fcc26-f6b7-4069-b2ab-8d779cac5d76,SF/ORNo/CSRPY,group,2500,FALSE,FALSE,,2023-07-15T14:48:20.000Z,2023-07-17T22:30:14.000Z
56dfbf68-6cb2-49b7-905a-5d8917f6b4c3,SFF/ORNo/00540,group,2000,FALSE,TRUE,1,2023-07-20T19:00:03.000Z,2023-07-21T16:11:57.000Z
1523214e-6459-46b4-afa0-f498e3d2a779,SFF/ORNo/00049,group,2500,FALSE,TRUE,1,2023-07-14T12:20:44.000Z,2023-07-22T07:46:56.000Z
b0793887-3679-4e8d-a221-cd021cc237e4,SFF/ORNo/00155,group,2000,TRUE,TRUE,0,2023-07-15T17:26:51.000Z,2023-07-22T07:41:12.000Z
b78fec7f-a6d5-437e-af54-2afe84b25d99,SF/ORNo/UESRP,group,2000,FALSE,TRUE,,2023-07-17T11:05:32.000Z,2023-07-20T20:45:43.000Z
d5805ab6-6b8b-4a77-9759-44bbab11c2e0,SFF/ORNo/00200,group,2000,TRUE,TRUE,0,2023-07-18T12:11:51.000Z,2023-07-20T20:45:43.000Z
0e8a928e-234a-4250-8871-3d7c4f7ffe61,SFF/ORNo/00592,group,2000,FALSE,FALSE,4,2023-07-21T15:42:25.000Z,2023-07-21T16:12:52.000Z
f57ce0fc-bd18-429c-8714-6ff146bd79f7,SFF/ORNo/00073,individual,3000,FALSE,TRUE,0,2023-07-14T12:20:49.000Z,2023-07-21T04:02:49.000Z
20ccab02-30ff-4bcc-9afc-642009d4c2e7,SFF/ORNo/00515,group,2000,FALSE,TRUE,1,2023-07-20T18:59:59.000Z,2023-07-21T22:41:37.000Z
dec553be-9ffc-46da-bc0c-1ac49422c724,SF/ORNo/VXGN3,individual,3000,TRUE,FALSE,,2023-07-16T10:41:06.000Z,2023-07-16T10:42:24.000Z
afe8e818-d689-45cf-b4d8-ebf72cd86860,SF/ORNo/ZIWID,individual,3000,FALSE,FALSE,,2023-07-15T18:02:16.000Z,2023-07-15T18:02:16.000Z
cbc6986a-656f-41c0-9b71-51b9e2f651d1,SF/ORNo/QYEJG,individual,3000,FALSE,FALSE,,2023-07-19T13:09:01.000Z,2023-07-19T13:09:01.000Z
28647a21-9053-46a1-854a-8791c34b38f3,SF/ORNo/QS3U0,group,2500,FALSE,FALSE,,2023-07-19T18:49:31.000Z,2023-07-19T18:52:49.000Z
7e7d50e4-f261-45d0-b12e-dde7c7a8ed7d,SFF/ORNo/00112,group,2500,TRUE,TRUE,1,2023-07-14T12:34:49.000Z,2023-07-20T22:30:31.000Z
c8cb465f-0568-41b4-96a4-4f1ee2995d32,SFF/ORNo/00175,group,2500,FALSE,FALSE,2,2023-07-15T17:26:56.000Z,2023-07-15T17:26:57.000Z
c64c3c98-0657-49a0-a429-08813baf14c6,SFF/ORNo/00520,group,2000,FALSE,TRUE,2,2023-07-20T19:00:00.000Z,2023-07-21T22:41:39.000Z
dfc3afa2-ba66-4452-90ad-9e8953d3b400,SFF/ORNo/00053,individual,3000,TRUE,TRUE,0,2023-07-14T12:20:45.000Z,2023-07-20T20:43:58.000Z
dcf8a9f6-30f5-4c19-80a6-b1eff5f581c2,SFF/ORNo/00577,group,2000,FALSE,FALSE,4,2023-07-21T15:42:23.000Z,2023-07-21T16:12:33.000Z
828454d6-fa21-41d3-9d14-2ffea400aea0,SFF/ORNo/00623,group,2000,FALSE,FALSE,3,2023-07-21T18:30:28.000Z,2023-07-21T18:53:10.000Z
83d4ac63-546a-4cfa-8674-cbf02954cd1e,SFF/ORNo/00627,group,2000,FALSE,FALSE,2,2023-07-21T18:30:28.000Z,2023-07-21T18:53:12.000Z
1c711379-e61e-4f9b-a9cd-cdcebbbe0e22,SFF/ORNo/00204,group,2500,FALSE,FALSE,0,2023-07-18T12:11:52.000Z,2023-07-18T12:11:52.000Z
7a2fcc26-f6b7-4069-b2ab-8d779cac5d76,SF/ORNo/9J0ZV,group,2500,FALSE,FALSE,,2023-07-15T14:48:20.000Z,2023-07-17T22:30:14.000Z
e8690a45-e6de-4e93-b5f7-a83dc7df8fd0,SF/ORNo/EEXVL,individual,3000,FALSE,FALSE,,2023-07-21T20:32:50.000Z,2023-07-21T20:35:03.000Z
46340846-6730-4df6-b276-ee3437ab4d75,SF/ORNo/ZSYEP,individual,3000,FALSE,FALSE,,2023-07-19T12:29:16.000Z,2023-07-19T12:32:05.000Z
d09e83f5-5e05-4d14-837c-8a45b1742c12,SF/ORNo/01DZQ,group,2500,FALSE,FALSE,,2023-07-17T21:47:04.000Z,2023-07-17T21:47:04.000Z
43f8ebc4-a6ef-4524-9de0-a9c0019bc8da,SFF/ORNo/00052,group,2500,FALSE,TRUE,1,2023-07-14T12:20:45.000Z,2023-07-22T08:40:44.000Z
1e35166f-22e8-4a32-a6fc-0384be39d197,SFF/ORNo/00133,individual,3000,FALSE,TRUE,0,2023-07-15T17:26:48.000Z,2023-07-20T20:44:58.000Z
c6590054-b487-4452-b12a-f32526668c9d,SF/ORNo/1G1YK,group,2500,FALSE,FALSE,,2023-07-21T13:37:55.000Z,2023-07-21T13:41:37.000Z
79204788-85b2-43f7-80d0-576ea203ac15,SFF/ORNo/00137,group,2000,FALSE,TRUE,0,2023-07-15T17:26:48.000Z,2023-07-20T20:45:00.000Z
ddcb5a7e-82c0-484e-8acd-1fc6f089f962,SFF/ORNo/00606,group,2000,FALSE,FALSE,9,2023-07-21T18:30:26.000Z,2023-07-21T18:52:52.000Z
436b32a9-1086-4b58-9a00-b7ee6b093ed3,SF/ORNo/NAVUF,individual,3000,FALSE,TRUE,,2023-07-19T08:02:09.000Z,2023-07-20T20:46:04.000Z
78c95eb5-d804-4b59-a17b-a06ba2346983,SF/ORNo/WVYVK,group,2500,FALSE,FALSE,,2023-07-16T09:18:22.000Z,2023-07-16T09:18:22.000Z
9db59821-4387-46be-af34-0d1a5c7c0bcc,SFF/ORNo/00142,group,2000,FALSE,TRUE,0,2023-07-15T17:26:49.000Z,2023-07-20T20:45:01.000Z
9084905d-950f-43a5-8119-b242406db32b,SFF/ORNo/00283,group,2000,FALSE,TRUE,4,2023-07-20T19:00:06.000Z,2023-07-20T19:00:06.000Z
d2639d2c-fd41-454c-911e-1f2e5eaa3e5c,SFF/ORNo/00596,group,2000,FALSE,FALSE,1,2023-07-21T15:42:26.000Z,2023-07-22T09:09:54.000Z
99ed110d-7374-4035-9359-f70eb70ffb3e,SFF/ORNo/00521,group,2000,TRUE,TRUE,1,2023-07-20T19:00:00.000Z,2023-07-22T10:24:36.000Z
187a961c-7335-4c58-9d5a-9c86757dc27b,SF/ORNo/UMMEL,group,2500,FALSE,FALSE,,2023-07-17T12:00:38.000Z,2023-07-17T12:03:43.000Z
9d13297e-a6c8-4c79-a9ed-5dbb6b186cbc,SFF/ORNo/00239,group,2000,FALSE,TRUE,16,2023-07-20T08:20:46.000Z,2023-07-20T20:46:02.000Z
4e9cf279-e598-40ce-a756-38511854bfe6,TS/ORNo/00005,individual,3000,TRUE,FALSE,0,2023-07-14T17:26:32.000Z,2023-07-20T17:09:24.000Z
32b08212-e403-4f1d-9894-fe282e291012,SF/ORNo/O4149,group,2500,FALSE,FALSE,,2023-07-18T17:29:40.000Z,2023-07-18T17:34:01.000Z
b78fec7f-a6d5-437e-af54-2afe84b25d99,SF/ORNo/CSQLD,group,2000,FALSE,TRUE,,2023-07-17T11:05:32.000Z,2023-07-20T20:45:43.000Z
d18bfe40-bb3e-4d35-ae45-b37537a5baa2,SFF/ORNo/00616,group,2000,FALSE,FALSE,5,2023-07-21T18:30:27.000Z,2023-07-21T18:52:57.000Z
e19e9786-b285-430d-baaf-dc69f228d2f3,SF/ORNo/3HL6B,group,2500,FALSE,FALSE,,2023-07-21T19:18:08.000Z,2023-07-21T19:18:08.000Z
8a7cd99e-15b4-4dbb-ac95-2155f0d15693,SFF/ORNo/00625,group,2000,FALSE,FALSE,2,2023-07-21T18:30:28.000Z,2023-07-21T18:53:11.000Z
84d1ed82-c7c9-4931-8173-66e2322441db,SFF/ORNo/00545,group,2000,FALSE,FALSE,6,2023-07-21T15:42:19.000Z,2023-07-21T16:12:01.000Z
42ab22e3-8afa-4343-aa1a-f70be533556d,SFF/ORNo/00162,group,2000,TRUE,FALSE,0,2023-07-15T17:26:53.000Z,2023-07-15T17:26:53.000Z
c0b57ebc-b662-491d-bd94-57e0d13579bf,SFF/ORNo/00103,group,2500,FALSE,TRUE,3,2023-07-14T12:34:47.000Z,2023-07-20T20:44:24.000Z
e68fd2ba-fc51-4fef-b257-531c5ddea25a,SF/ORNo/881IS,individual,3000,FALSE,FALSE,,2023-07-21T12:44:09.000Z,2023-07-21T14:32:28.000Z
d4b5e8b8-f517-4061-8704-ee97fdbb5d9a,SFF/ORNo/00168,group,2500,FALSE,TRUE,2,2023-07-15T17:26:54.000Z,2023-07-20T20:45:18.000Z
6470bbc6-ab14-4778-b750-f064e5b995f4,SF/ORNo/UAVJ9,group,2500,FALSE,FALSE,,2023-07-18T12:08:07.000Z,2023-07-18T12:08:07.000Z
dfc3afa2-ba66-4452-90ad-9e8953d3b400,SFF/ORNo/00055,individual,3000,TRUE,TRUE,0,2023-07-14T12:20:45.000Z,2023-07-20T20:43:58.000Z
9dcc60e7-332c-4ae0-83e8-ba941430a843,SFF/ORNo/00066,individual,3000,FALSE,TRUE,0,2023-07-14T12:20:48.000Z,2023-07-20T20:44:01.000Z
89f96bf2-354a-4850-acbc-36fedf8e220a,SF/ORNo/GNQKL,group,2500,FALSE,TRUE,,2023-07-16T09:18:22.000Z,2023-07-19T21:46:05.000Z
8fb6134a-f21a-4452-ad44-958a6b97a8fe,SFF/ORNo/00572,group,2000,FALSE,FALSE,3,2023-07-21T15:42:23.000Z,2023-07-21T16:12:27.000Z
3c3de1a2-84c1-48c6-98d5-a1b98626d1ab,SFF/ORNo/00590,group,2000,FALSE,FALSE,3,2023-07-21T15:42:25.000Z,2023-07-21T16:12:50.000Z
e798351c-d7b8-4c6a-86dc-6f6f1aab943c,SFF/ORNo/00506,group,2000,FALSE,TRUE,2,2023-07-20T18:58:45.000Z,2023-07-21T22:41:33.000Z
4f62258f-57d6-4eb3-8ad5-d89236764b43,SFF/ORNo/00595,group,2000,TRUE,FALSE,2,2023-07-21T15:42:26.000Z,2023-07-21T16:12:53.000Z
06f62f0d-03ef-49cd-8f6b-a76dab3c434d,SF/ORNo/U2PFX,individual,3000,FALSE,FALSE,,2023-07-15T12:15:31.000Z,2023-07-15T12:15:31.000Z
2b2c2a42-5285-4b06-84f6-cefc41510d49,SFF/ORNo/00500,group,2000,FALSE,TRUE,3,2023-07-20T18:58:44.000Z,2023-07-21T22:41:30.000Z
6bb1cd6f-8adb-4b69-8595-8812290dcb8d,SFF/ORNo/00083,group,2500,TRUE,TRUE,1,2023-07-14T12:20:51.000Z,2023-07-21T18:25:43.000Z
430a6210-ed32-43ad-a13a-12172f6c942f,SFF/ORNo/00559,group,2000,FALSE,FALSE,10,2023-07-21T15:42:21.000Z,2023-07-21T16:12:15.000Z
374236b9-38ef-4576-915b-29f697107ffc,SFF/ORNo/00281,group,2000,FALSE,TRUE,3,2023-07-20T19:00:06.000Z,2023-07-20T19:00:06.000Z
1a4a67ce-17df-428e-a309-45890a84d5b5,SFF/ORNo/00574,group,2000,FALSE,FALSE,5,2023-07-21T15:42:23.000Z,2023-07-21T16:12:29.000Z
fdf8feb2-6d44-4437-a87b-4bf37cf41fe8,SFF/ORNo/00050,individual,3000,FALSE,TRUE,0,2023-07-14T12:20:44.000Z,2023-07-20T20:43:53.000Z
2cd8a8cc-6183-4914-a767-f27ed8745fb5,SF/ORNo/TFJ0Y,group,2500,TRUE,FALSE,,2023-07-19T18:36:57.000Z,2023-07-21T03:49:33.000Z
e87df6e1-5c96-4a24-a6bb-3e60f4e25e25,SFF/ORNo/00128,group,2500,FALSE,FALSE,0,2023-07-15T17:26:47.000Z,2023-07-15T17:26:47.000Z
5ea8e1c3-fd5e-435b-b00f-5774ac5e3459,SFF/ORNo/00167,group,2500,TRUE,TRUE,3,2023-07-15T17:26:54.000Z,2023-07-20T20:45:17.000Z
89f96bf2-354a-4850-acbc-36fedf8e220a,SF/ORNo/J0H9C,group,2500,FALSE,TRUE,,2023-07-16T09:18:22.000Z,2023-07-19T21:46:05.000Z
73125445-cbd1-49ae-be48-57f91a3a51ea,SF/ORNo/GNDTI,group,2000,FALSE,FALSE,,2023-07-21T16:36:04.000Z,2023-07-21T16:53:07.000Z
b6f38cc5-82eb-4b3e-bbb3-8ba65f5215d3,SFF/ORNo/00171,group,2500,FALSE,TRUE,4,2023-07-15T17:26:54.000Z,2023-07-22T10:43:56.000Z
90eacbad-9c17-4f1e-b61e-c2f1a452b0fb,SFF/ORNo/00542,group,2000,TRUE,TRUE,5,2023-07-20T19:00:03.000Z,2023-07-21T16:11:59.000Z
1ccc3123-668f-4668-8f80-8e072044f919,SFF/ORNo/00178,group,2500,FALSE,FALSE,0,2023-07-15T17:26:58.000Z,2023-07-15T17:26:58.000Z
a9be7667-f3d1-4af2-a99e-8149493aeacc,SFF/ORNo/00626,group,2000,TRUE,FALSE,0,2023-07-21T18:30:28.000Z,2023-07-21T18:53:11.000Z
f7c4a63a-3414-4fbf-966b-c769050026be,SF/ORNo/6J1XS,group,2500,FALSE,FALSE,,2023-07-19T12:14:25.000Z,2023-07-19T12:16:27.000Z
06ed2557-7e25-4a7c-a536-3007438aea48,SFF/ORNo/00535,group,2000,FALSE,TRUE,1,2023-07-20T19:00:02.000Z,2023-07-20T19:32:20.000Z
4336c952-c90d-47ed-880b-072f95f62e2c,SFF/ORNo/00271,group,2000,TRUE,TRUE,4,2023-07-20T19:00:05.000Z,2023-07-22T09:59:58.000Z
ae9f63b5-bb4a-4660-8345-4a2cbbbd4775,SFF/ORNo/00163,group,2500,TRUE,FALSE,0,2023-07-15T17:26:53.000Z,2023-07-15T17:26:53.000Z
bbc46dc5-9f2f-4ed4-8fd9-ff2ebab650a5,SF/ORNo/AZFR6,group,2500,FALSE,FALSE,,2023-07-20T21:06:40.000Z,2023-07-20T21:09:59.000Z
873098af-fefd-4380-b6b6-fb94f13cd6dc,SF/ORNo/LKQL9,group,2500,FALSE,FALSE,,2023-07-21T14:30:24.000Z,2023-07-21T15:40:44.000Z
